,0,1,2,3,4,5,6,7,8,9,10,11,12,13,14,15,16,17,18,19,20,21,22,23,24,25,26,27,28,29,30,31,32,33,34,35,36,37,38,39,40,41,42,43,44,45,46,47,48,49,score
0,-0.06241608,-0.05231476,-0.05213165,-0.03708649,-0.02758789,-0.02182007,-0.0197525,-0.01603699,-0.00944519,-0.01249695,-0.01081085,-0.01277161,-0.008956909,-0.01509857,-0.02281952,-0.007453918,-0.01558685,-0.01364899,-0.02172089,-0.02270508,-0.01009369,-0.006813049,0.001846313,0.002128601,0.008125305,0.001838684,0.005096436,0.01521301,0.03205872,0.01754761,0.03025818,0.03137207,0.02841187,0.0424881,0.04125214,0.03696442,0.04016113,0.04560852,0.0456543,0.03975677,0.05202484,0.03705597,0.04272461,0.03587341,0.02787781,0.04720306,0.04650116,0.03885651,0.03739166,0.05342102,0
1,0.02231598,-0.02485657,-0.0474472,-0.05563354,-0.06145477,-0.05815887,-0.05023193,-0.05695343,-0.05247498,-0.04773712,-0.03755188,-0.03418732,-0.04321289,-0.03646851,-0.02719116,-0.01853943,-0.02513885,-0.02203369,-0.005409241,-0.0078125,0.00138855,0.007133484,0.01831055,0.03144073,0.02561951,0.02494049,0.01074219,0.01145935,-0.0016632079999999998,-0.008628845,-0.01441193,-0.01681519,-0.03038788,-0.03839874,-0.02333832,-0.03017426,-0.01454926,-0.01356506,-0.0117569,0.006256104,0.00843811,0.01506042,0.009277344,0.0138092,0.007949829,0.005737305,0.003601074,0.00017547610000000002,-0.00692749,-0.0008697510000000001,1
2,-0.09148407,-0.08704376,-0.08457184,-0.07585907,-0.07589722,-0.05574799,-0.05257416,-0.05057526,-0.04510498,-0.0404129,-0.02820587,-0.0225296,-0.01251221,-0.01230621,-0.01794434,-0.01244354,-0.00945282,-0.01794434,-0.008453369,-0.01343536,-0.01816559,-0.02463531,-0.01676941,-0.02651215,-0.02951813,-0.02255249,-0.01753998,-0.02069855,-0.01311493,0.003623962,0.001121521,0.008430481,0.0109024,0.01507568,0.0009384155,0.01122284,0.002326965,-0.01197052,-0.01106262,-0.002426147,-0.0005874634,-0.004219055,-0.003387451,-0.002639771,0.0052948,0.01525879,0.01429749,0.0004043579,0.01625824,0.0063095090000000005,1
3,-0.01506805,-0.02774811,-0.009002686,-0.02513123,-0.01124573,-0.03396606,-0.03779602,-0.05315399,-0.06585693,-0.07585144,-0.07219696,-0.07627869,-0.08553314,-0.06716156,-0.06035614,-0.05511475,-0.05556488,-0.05258179,-0.05278778,-0.03829956,-0.03800201,-0.02898407,-0.01927185,-0.02731323,-0.01049805,-0.006576538000000001,-0.007530212,-0.002128601,-0.008705139,-0.01713562,-0.02085114,-0.02265167,-0.01770782,-0.01540375,-0.02788544,-0.01519775,-0.009933472,-0.002388,-0.01885986,-0.006607056,-0.01126862,-0.007247925,0.005111694,0.002212524,-0.006065369,0.00151825,-0.005653381,0.006187439,-0.002334595,-0.01502991,0
4,0.0,0.0,0.0,0.0,0.0,0.0,0.0,0.0,0.0,0.0,0.0,0.0,0.0,0.0,0.0,0.01972961,0.03129578,0.053207400000000016,0.06606293,0.07434845,0.0846405,0.08432007,0.07955933,0.07791901,0.05888367,0.04310608,0.03452301,0.01454163,-0.01377869,-0.02781677,-0.02883911,-0.03971863,-0.0365448,-0.03094482,-0.02191162,-0.0111084,0.01239014,0.02390289,0.03601837,0.03453064,0.02203369,0.01394653,-0.004241943,-0.01023102,-0.02314758,-0.02506256,-0.02953339,-0.006195068000000001,0.003105164,-0.002693176,1
5,0.0,0.0,-0.04315186,-0.01526642,0.01184845,0.05013275,0.0777359,0.08057404,0.08412933,0.07476044,0.05957794,0.03816986,0.02468109,-0.0002288818,-0.03043365,-0.04317474,-0.04499054,-0.04341888,-0.03546143,-0.03240204,-0.008255005,-0.004798889000000001,-0.003173828,-0.01926422,-0.02555847,-0.04349518,-0.04509735,-0.05270386,-0.05807495,-0.05349731,-0.04941559,-0.04601288,-0.02476501,-0.01883698,-0.02294159,-0.003845215,0.01171112,0.02011108,0.01823425,0.02630615,0.02620697,0.02377319,0.02529907,0.01634979,0.01618958,0.006225586,-0.00819397,-0.01376343,-0.02552032,-0.01151276,0
6,-0.002502441,-0.004585266,-0.004577637,-0.01060486,-0.01237488,-0.009490967,-0.01174927,-0.02931976,-0.02360535,-0.02321625,-0.01983643,-0.02177429,-0.02024078,-0.02159119,-0.02429199,-0.02442932,-0.01789856,-0.02162933,-0.02614594,-0.02180481,-0.0219574,-0.0267334,-0.03009033,-0.02124786,-0.02248383,-0.02796936,-0.02884674,-0.02379608,-0.02095032,-0.01833344,-0.01268005,-0.008979797,-0.016326900000000002,-0.009628296,-0.004600525,-0.01657867,-0.01543427,0.003089905,0.003585815,0.003334045,0.0003814697,-0.0008239746000000001,-3.814697e-05,-0.004447937,-0.004814148,9.918213e-05,-0.0006561278999999999,-0.00567627,-0.002067566,0.002586365,1
7,-0.009033203,0.00227356,-0.003662109,-0.01475525,0.0002593994,0.008735656999999999,0.003242493,-0.004600525,0.0158844,0.01849365,0.01123047,0.01428223,0.02109528,0.0116806,0.01309967,0.01181793,0.01447296,0.01489258,0.005271911999999999,0.01374054,0.01263428,0.006385803000000001,0.01124573,0.01642609,0.01098633,0.0008544922000000001,0.01921844,0.01612854,0.01561737,0.003662109,0.004707336,0.02358246,0.0072860719999999985,0.006790160999999999,0.01685333,0.004180908,-0.004188538,0.0032882690000000003,0.008071899,0.002258301,0.0009841919,0.009292603,-0.003845215,-0.0109787,0.003746033,-0.0008773803999999999,-0.0042648320000000005,0.004875183,0.003463745,-0.0040740970000000005,1
8,-0.04047394,-0.04478455,-0.03368378,-0.03411865,-0.0375824,-0.04047394,-0.0361557,-0.02800751,-0.02850342,-0.03782654,-0.0298233,-0.02510834,-0.02597809,-0.02136993,-0.01644897,-0.01013947,-0.013107299999999995,-0.01517487,-0.01402283,-0.008712769,-0.01264954,-0.008598328,0.005157470999999999,0.003005981,-0.0004043579,0.006286621,0.01230621,0.01309204,0.007743835,0.008239746,0.01129913,0.01269531,0.006347656,0.001876831,0.01194763,0.01561737,0.005432129,0.0050354,0.009605408,0.01371002,0.009803772,0.007369995,0.006149292,0.003318787,0.004440308,0.003982544,6.103516e-05,-0.005119324000000001,-0.002288818,-0.004463196,1
9,0.002326965,0.01451111,0.02454376,0.02550507,0.03631592,0.03009796,0.02813721,0.02523804,0.01064301,0.02029419,0.006988525,0.00667572,0.004127502,-0.01483917,-0.00138855,-0.01921844,-0.02288818,-0.02169037,-0.02737427,-0.02859497,-0.03633881,-0.05679321,-0.04841614,-0.05446625,-0.05731201,-0.04898071,-0.0357666,-0.03868103,-0.026916500000000003,-0.01676178,-0.001579285,-0.002418518,0.003379822,0.006347656,0.005104065,0.0059432980000000005,0.01054382,0.01139832,0.01839447,0.0009613037,0.009048462,0.004295349,-0.008094788,-0.008827209,-0.01946259,-0.01755524,-0.02888489,-0.01342773,-0.01964569,-0.009399414,1
10,0.0,0.0,0.0,0.0,0.0,0.0,0.0,0.0,0.0,0.0,0.0,0.0,0.0,0.0,0.0,-0.008049011,0.01217651,0.02754974,0.03270721,0.04772949,0.05381012,0.06692505,0.07749176,0.08905792,0.08671569999999999,0.08668518,0.08174896,0.08057404,0.07390594,0.08114624,0.08152008,0.07707214,0.06269836,0.06832123,0.05995178,0.05278015,0.05345917,0.0487442,0.04419708,0.03735352,0.04804993,0.03549957,0.03692627,0.05069733,0.04698181,0.06182098,0.06092834,0.05645752,0.05891418,0.05780029,0
11,0.0,0.0,0.0,0.0,0.0,0.17157750000000002,0.16400910000000002,0.150589,0.14709470000000002,0.1518784,0.1502228,0.1337509,0.1335297,0.1330566,0.1142654,0.1020737,0.1020279,0.08347321,0.0761795,0.06861115,0.06934357,0.06565094,0.07250214,0.06472015,0.06131744,0.07344818,0.08095551,0.06786346,0.07748413,0.08042145,0.06507111,0.07431030000000001,0.06916046,0.07199860000000001,0.06671143,0.06809998,0.0617981,0.06523132,0.05763245,0.04957581,0.03109741,0.02559662,0.01845551,0.0187912,0.01140594,-0.0032882690000000003,0.003875732,0.006568909,0.004005432,-0.004066467,1
12,-0.0160141,0.005493164,0.003990173,0.01564026,0.02508545,0.02716064,0.02900696,0.01759338,0.03418732,0.01860809,0.008544922,0.02204895,-0.007621765,-0.03346252,-0.03553772,-0.04386139,-0.04815674,-0.05356598,-0.03768158,-0.02973175,-0.04208374,-0.03325653,-0.02734375,-0.03714752,-0.02555084,-0.02514648,-0.02536774,-0.0071563719999999985,-0.007232666,0.003715515,0.002441406,0.00428009,0.01604462,0.0066299440000000005,0.01450348,0.013237,-0.005737305,-0.003936768,0.00032806400000000004,-0.007598876999999999,-0.007888794000000001,0.002334595,0.003921509,0.01318359,0.01978302,0.03621674,0.01913452,0.02976227,0.02614594,0.007820129,1
13,-0.01566315,-0.01702881,-0.01127625,-0.01217651,-0.007400513,0.001434326,-0.01920319,-0.0109787,-0.00592804,-0.02350616,-0.003494263,-0.001106262,0.007194519,0.01322937,0.008209229,0.01280212,0.0220108,0.001556396,0.005897522,0.01568604,0.00994873,0.007911682,0.02416229,0.004447937,-0.01432037,-0.0003128052,-0.01442719,-0.01314545,-0.01708221,-0.02858734,-0.03546143,-0.03032684,-0.02862549,-0.01789093,-0.03630829,-0.02590179,-0.02526093,-0.03386688,-0.01848602,-0.004386902,0.005981445,0.0025177,-0.001289368,0.01051331,0.01487732,0.001647949,0.01252747,-0.007293701,-0.01254272,0.008743286,1
14,0.0,0.0,0.0,0.0,0.0,0.0,0.0,0.0,0.0,0.0,0.0,0.0,0.0,0.0,0.0,0.0,0.06820679,0.06745911,0.06569672,0.06085968,0.06492615,0.06143951,0.05910492,0.05971527,0.05290985,0.05139923,0.04933929,0.04714966,0.04309082,0.03482056,0.03961182,0.03128052,0.03391266,0.02981567,0.02898407,0.02936554,0.01560974,0.01348877,0.003936768,0.01056671,-0.0033493040000000004,-0.001647949,0.00302124,-0.008583069,-0.001335144,0.00327301,0.006896973000000001,0.001281738,0.0052948,0.009643555,1
15,-0.007324219,0.003463745,-0.005409241,0.002449036,-0.001060486,-0.004753113,-0.008338928,-0.01033783,-0.01504517,-0.01413727,-0.0162735,-0.01506042,-0.0173645,-0.008201599,-0.01499176,-0.009796143,-0.009223938,0.0031585690000000004,0.002601624,0.007797241,0.006866455,0.01133728,0.008110046,0.01078796,0.01364899,0.017570500000000003,0.01365662,0.007987975999999999,0.01128387,0.003738403,0.006065369,0.003372192,-0.001724243,-0.001960754,0.002197266,0.0005645752,-0.002098083,0.002243042,-0.006721497,-0.0059432980000000005,-0.004508972,5.340576e-05,-0.003814697,-0.000617981,0.00289917,0.003189087,0.001945496,0.002243042,0.005012512,0.002861023,1
16,0.001945496,0.005363464,0.004165649,0.004379272,0.005187988,-0.0008697510000000001,-0.003051758,-0.003036499,-0.01044464,-0.01238251,-0.01539612,-0.01264191,-0.01296997,-0.01376343,-0.01216125,-0.00769043,-0.007400513,-0.005744934,0.001983643,-0.001220703,0.001045227,-0.003807068,-0.005821228,-0.0029678340000000004,0.003189087,-0.006698608000000001,-0.003959656,-0.006896973000000001,-0.001098633,-0.003829956,-0.001182556,-0.009140015,-0.0003967285,-0.0003662109,0.001708984,0.0017395020000000002,0.0045471190000000005,-0.004837035999999999,-0.006439209,-0.006446838000000001,-0.009803772,-0.01605225,-0.009689331,-0.01685333,-0.01369476,-0.01399231,-0.01168823,-0.009208679,0.004463196,-0.001045227,1
17,0.0,0.0,0.0,0.0,0.0,0.0,0.0,0.0,0.0,0.0,-0.07303619,-0.03562164,-0.001708984,0.02542114,0.04758453,0.06179047,0.07950592,0.09493256,0.09108734,0.1004944,0.0931778,0.09567261,0.07319641,0.065979,0.05051422,0.02880096,0.01726532,0.0002059937,-0.001701355,-0.01944733,-0.009750366,-0.02224731,-0.01599884,-0.01612854,-0.008644104,-0.003646851,0.00718689,0.01324463,0.02220154,0.03321075,0.0403595,0.04666901,0.03555298,0.03204346,0.0309906,0.007080078,0.0031204220000000003,-0.02359772,-0.02082825,-0.04065704,0
18,0.06794739,0.06151581,0.06472778,0.05749512,0.0654068,0.06208801,0.06926727,0.06825256,0.06441498,0.07032013,0.06486511,0.07319641,0.06951904,0.06581116,0.05973053,0.05023193,0.04821014,0.03520203,0.03204346,0.03611755,0.03239441,0.0276947,0.02508545,0.02559662,0.01760864,0.03311157,0.02820587,0.02944183,0.03782654,0.02617645,0.02622986,0.01235962,0.009620667,-0.0003890991,-0.01034546,-0.02171326,-0.02130127,-0.03853607,-0.02641296,-0.02414703,-0.01474762,-0.01517487,-0.01272583,0.01493073,0.01538086,0.0189743,0.03262329,0.02897644,0.02818298,0.03703308,0
19,-0.001197815,-0.009658813,-0.007164001,-0.009590149,-0.01916504,-0.01538086,-0.0210495,-0.01160431,-0.007415771,-0.01542664,-0.006088257,-0.01304626,-0.002891541,-0.01712036,-0.0008850097999999998,-0.01112366,-0.008651733,-0.01470947,-0.007957458,-0.02121735,-0.01119232,-0.01583099,-0.01011658,1.525879e-05,-0.008010864,-0.005187988,0.0066909790000000005,0.006027222,0.005279541,0.007652283,-6.103516e-05,0.006095886,-0.008491516,-0.01611328,-0.01826477,-0.02622986,-0.02348328,-0.03299713,-0.03108215,-0.03299713,-0.03069305,-0.03894043,-0.01403809,-0.00933075,0.004608154000000001,0.006736755,0.01926422,0.02236176,0.01889801,0.01634216,0
20,0.0,0.0,0.0,0.0,0.0,0.0,0.0,0.0,0.0,0.0,0.0,0.06399536,0.05348969,0.03586578,0.01978302,0.01570129,0.008834839,0.0009918213,0.002609253,-0.0032501220000000003,-0.01034546,0.005470276,0.009841919,0.01901245,0.01261139,0.02412415,0.009483337,0.01821899,0.01008606,0.004272461,0.009246826,0.0001144409,0.020401,0.009811401,0.0073471069999999986,0.01072693,0.008605957,0.01271057,0.01119995,0.01647186,0.0007095337,0.01672363,0.005378723,0.01581573,0.01893616,0.01080322,0.02301788,0.01732635,0.01815033,0.01283264,0
21,0.0,0.0,0.0,0.0,0.0,0.1018677,0.07588959,0.04099274,0.01044464,-0.01286316,-0.04135895,-0.05831909,-0.06596375,-0.06171417,-0.06308746,-0.0530014,-0.04081726,-0.02851868,-0.02425385,-0.003036499,-0.0006332397,0.007781982,0.01072693,0.00958252,0.01469421,0.009010315,0.01010895,0.01042938,0.009780884,0.01348114,0.005722046,0.001312256,0.006034851,-0.01372528,0.001785278,-0.01419067,-0.01786041,-0.02433014,-0.01268768,-0.02294922,0.0003738403,0.0004425049,0.01747131,0.02315521,0.03343964,0.046043400000000005,0.07141876,0.065979,0.08566284,0.07823944,0
22,-0.00643158,0.001678467,-0.002960205,-0.003616333,-0.004440308,-0.01237488,-0.006576538000000001,-0.006492615,-0.01408386,-0.01412964,-0.01771545,-0.01456451,-0.01873779,-0.02545929,-0.02323914,-0.01316071,-0.01357269,-0.02487183,-0.02389526,-0.02015686,-0.01693726,-0.02032471,-0.01911926,-0.02059174,-0.01235199,-0.01396179,-0.009384155,-0.01580048,-0.009498596,-0.01120758,-0.02080536,-0.01974487,-0.0127182,-0.02474213,-0.02687836,-0.01585388,-0.006950378,-0.009735107,-0.02587891,-0.03083801,-0.01914978,-0.01702118,-0.02653503,-0.02698517,-0.01933289,-0.02497864,-0.02211761,-0.0195694,-0.02625275,-0.02519226,0
23,-0.002998352,-0.006652831999999999,-0.004501343,0.0002212524,0.003578186,-0.002731323,0.007026671999999999,-0.01242065,0.001945496,-0.01267242,0.002082825,0.003051758,0.001922607,0.005279541,-0.0001831055,-0.005523681999999999,-0.004257202,-0.01425934,-0.006622314,-0.007484436,-0.01246643,-0.005065918,-0.0025177,-0.01074219,-0.003692627,-0.01088715,-0.008682251,-0.008644104,-0.005393981999999999,-0.009925842,-0.01976776,-0.01641846,-0.03231812,-0.02242279,-0.02146912,-0.02771759,-0.01752472,-0.02700806,-0.002296448,-0.01708984,0.0008392333999999999,-0.0047378540000000005,0.001220703,-0.001846313,0.00276947,-0.003890991,0.008857727,-0.01300049,-0.006530762,-0.009178162,0
24,0.02269745,0.03225708,0.01456451,0.03115082,0.01805115,0.02937317,-0.004257202,0.02848053,0.003890991,0.02420807,0.03051758,0.0431366,0.0431366,0.05297089,0.04010773,0.06790924,0.04146576,0.07595062,0.02508545,0.05161285,0.03279114,0.04788971,0.05070496,0.03409576,0.0446701,0.03295898,0.03816223,0.043396,0.04085541,0.04759979,0.04035187,0.03952789,0.03523254,0.04373932,0.03342438,0.03366852,0.03210449,0.02648163,0.04676819,0.01579285,0.03327942,0.01565552,0.02435303,0.02857208,0.0251236,0.02323914,0.03562927,0.003074646,0.03227234,0.01290131,1
25,0.002403259,0.004394531,-0.00869751,-0.001907349,0.006004333000000001,-0.001174927,0.008384705,0.01335144,0.01165771,0.007499695,0.01342773,0.01141357,-0.009483337,-0.004730225,0.003471375,-0.005218506,-0.006973266999999999,-0.01036072,-0.02191162,-0.02179718,-0.01296234,-0.02294922,-0.0255661,-0.01354218,-0.01715851,-0.02059937,-0.02033997,-0.00276947,0.0004882813,-0.01364899,-0.009025574,0.01599121,0.01571655,-0.01670074,-0.0002441406,0.02069092,0.0105896,-0.001373291,0.008293152,0.02223206,0.008224486999999999,0.0009613037,0.00907135,0.01277161,0.009902954,0.001441956,-0.006385803000000001,-0.0052948,-0.006698608000000001,-0.003135681,1
26,-0.04418945,-0.04182434,-0.04722595,-0.02840424,-0.04683685,-0.03453827,-0.04749298,-0.04006195,-0.03543091,-0.04092407,-0.03746033,-0.03722382,-0.03282928,-0.0353241,-0.01512909,-0.03527832,-0.004089355,-0.02906036,-0.004333496,-0.02544403,-0.005836487,-0.01673889,-0.01720428,-0.02220154,-0.0173645,-0.01352692,-0.02159119,-0.007553100999999999,-0.007354736,-0.0030975340000000003,0.0009613037,2.288818e-05,0.004112244,0.009994507,0.01933289,0.003646851,0.01506805,0.0008163452000000001,0.01584625,0.001449585,-0.01345062,0.00592041,-0.01998901,0.008857727,0.0044174190000000006,0.01013184,0.01245117,0.01829529,0.008499145999999999,0.017234799999999998,0
27,0.03198242,0.024086,0.04924774,0.0271225,0.052948,0.03123474,0.05250549,0.04595184,0.04657745,0.04522705,0.04647827,0.04724884,0.05403137,0.03609467,0.04626465,0.04805756,0.04100037,0.04914856,0.02661133,0.04792786,0.02183533,0.04242706,0.02293396,0.04170227,0.02145386,0.04109955,0.01631927,0.03215027,0.01761627,0.01557159,0.02245331,-0.0009155273,0.02393341,-0.0007400513,0.03028107,-0.00227356,0.02908325,1.525879e-05,0.02500916,0.01222992,0.03110504,0.02418518,0.04051971,0.01063538,0.04319763,0.004486084,0.04489136,0.0007553101,0.01638031,-0.008117675999999999,1
28,0.0,0.0,0.0,0.0,0.0,-0.109436,-0.05462646,0.03440094,0.09746552,0.1548233,0.1692505,0.1621628,0.1421967,0.1348801,0.1121674,0.09754944,0.06575775,0.04040527,0.03227997,0.02037811,0.02329254,0.007987975999999999,-0.01332092,-0.01078033,-0.01213837,-0.01469421,-0.006919860999999999,0.00554657,-0.008094788,0.02583313,0.04267883,0.03575897,0.04771423,0.0606308,0.047966,0.06169128,0.06005859,0.06300354,0.05666351,0.04743958,0.04224396,0.02576447,0.02677917,0.01530457,0.01701355,0.03170776,0.0351181,0.0422287,0.03061676,0.01951599,1
29,0.0,0.0,0.0,0.0,0.0,-0.07413483,-0.0104599,0.03450012,0.04152679,0.06479645,0.04981232,0.06149292,0.05101776,0.05582428,0.04506683,0.04367828,0.04921722,0.02072906,0.02706909,0.01924133,0.01533508,0.00015258790000000002,0.001464844,-0.01166534,-0.01428223,-0.01760864,-0.01694489,-0.01049042,0.004508972,0.03542328,0.0344696,0.03744507,0.03151703,0.056633,0.04717255,0.06707001,0.05586243,0.04333496,0.04708099,0.02648163,0.02642822,0.03104401,0.0255661,0.03068542,0.02476501,0.04187775,0.04899597,0.0342865,0.05407715,0.0581131,0
30,0.02793121,0.009597778,0.0137558,0.001480103,-9.918213e-05,0.01506805,0.02388763,0.02645111,0.04611206,0.04732513,0.06879425,0.05714417,0.06282806,0.05992126,0.04808044,0.0464859,0.0419693,0.02983093,0.0414505,0.03868103,0.04615021,0.05848694,0.05907440000000001,0.04512024,0.04953003,0.02271271,0.015625,0.001564026,0.004379272,-0.00605011,-0.01013947,0.005584717,0.02128601,0.006538391,0.02040863,0.03632355,0.04377747,0.03292084,0.05353546,0.05013275,0.03401947,0.03499603,0.03440857,0.02535248,0.0269928,0.001358032,0.03088379,-0.005462646,0.0071105959999999985,0.01867676,1
31,-0.03004456,-0.03024292,-0.0275116,-0.02256012,-0.01319885,-0.003303528,0.009941101,0.004325867,0.01921082,0.01461792,0.03431702,0.03515625,0.04137421,0.02240753,0.03002167,0.01609039,0.02038574,0.00226593,-0.003639221,0.006256104,-0.006019592,0.006446838000000001,0.004821777,0.01364899,0.01123047,0.01802063,0.03510284,0.04052734,0.03664398,0.02908325,0.01808167,-0.001701355,-0.003135681,-0.00982666,-0.01532745,-0.01348114,0.0005722046,0.01490784,0.01063538,0.01847839,0.0026474,-9.155273e-05,0.008247375,0.003829956,-0.003913879,-0.004653931,-0.003829956,0.01024628,-0.01917267,0.0007095337,0
32,-0.09615326,-0.09006499999999999,-0.09275055,-0.08079529,-0.08154297,-0.08735657,-0.07303619,-0.05647278,-0.05839539,-0.03845978,-0.03346252,-0.01998138,-0.02371216,-0.01255035,-0.005508423,-0.004768372,-0.01117706,-0.02305603,-0.02603912,-0.03379059,-0.0432663,-0.04932404,-0.05195618,-0.05622864,-0.04930115,-0.05078125,-0.05489349,-0.05065155,-0.04670715,-0.04769135,-0.03749084,-0.03675079,-0.03203583,-0.02879333,-0.01925659,-0.02676392,-0.01406097,-0.004318237,-0.01071167,-0.001686096,-0.0013427729999999998,-0.01109314,-0.009857178,-0.01258087,-0.03523254,-0.02619934,-0.03369141,-0.02880859,-0.0265274,-0.0141983,1
33,-0.07476807,-0.09008789,-0.1013336,-0.1066437,-0.1262054,-0.129364,-0.12982939999999998,-0.1316223,-0.12986760000000006,-0.1356125,-0.1146622,-0.114975,-0.11330410000000002,-0.08746338,-0.07530212,-0.05404663,-0.04555511,-0.03046417,-0.03510284,-0.02038574,-0.01377869,-0.008728027,-0.002571106,0.003692627,0.003608704,0.01754761,0.02166748,0.02505493,0.02986908,0.02603912,0.02895355,0.02944183,0.0300827,0.02523804,0.01724243,0.02025604,0.01187134,0.002609253,-0.0006332397,-0.003242493,-0.01399231,-0.0136795,-0.01387024,-0.02166748,-0.03210449,-0.03949738,-0.03494263,-0.04360199,-0.03812408,-0.02744293,1
34,0.0,0.0,0.0,0.0,0.0,0.0,-0.1250381,-0.1352844,-0.13512420000000006,-0.1324158,-0.12751010000000002,-0.1186295,-0.1065979,-0.09181213,-0.07872009,-0.05892181,-0.04364014,-0.03217316,-0.01139832,-0.009460449,0.001197815,0.002868652,0.01237488,0.005363464,0.005378723,-0.006568909,-0.007637024,-0.005126953,-0.0300293,-0.03470612,-0.03102875,-0.04370117,-0.0475769,-0.03798676,-0.034729,-0.02894592,-0.02184296,-0.01273346,-0.003799438,0.007041931,0.001869202,0.001930237,0.006774901999999999,-0.0001144409,0.004745483,-0.00340271,-0.01010895,-0.004516602,-0.009773254,-0.01591492,0
35,-0.03414917,-0.03359222,-0.03248596,-0.02898407,-0.02824402,-0.0389328,-0.04119873,-0.03840637,-0.04413605,-0.03205872,-0.044487,-0.03729248,-0.03339386,-0.02889252,-0.02245331,-0.01673889,-0.008636475,0.001045227,0.007614136,0.003677368,0.008293152,0.01605988,0.01159668,0.017234799999999998,0.01320648,0.008338928,0.006347656,-0.007049561,-0.00478363,-0.02069855,-0.02090454,-0.03140259,-0.02401733,-0.03255463,-0.03154755,-0.033325199999999985,-0.02146912,-0.01470947,-0.01264191,-0.007766724,-0.005661011,-0.001281738,-0.01194763,-0.006202698,-0.008056641,-0.005134583,-0.02084351,-0.02828217,-0.03023529,-0.03784943,0
36,0.04338074,0.04613495,0.06312561,0.07692719,0.0806427,0.07826996,0.09534454,0.0963974,0.08972168,0.08133698,0.08132172,0.08286285,0.06458282,0.0432663,0.04650879,0.06679535,0.04884338,0.02690887,0.03777313,0.05164337,0.01398468,-0.00017547610000000002,0.01870728,0.02870941,0.0043563840000000005,-0.01475525,0.009483337,0.02274323,-0.002914429,-0.01647949,0.01651001,0.02705383,0.013237,-0.0145874,0.015182499999999996,0.02283478,0.005996704,-0.005462646,0.026603700000000004,0.04347229,0.02309418,0.0009002686,0.03134918,0.03338623,0.01060486,-0.0071105959999999985,0.03417969,0.04673767,0.01480865,-0.004966735999999999,1
37,-0.00113678,0.002761841,-0.01115417,-0.02057648,-0.016067500000000002,-0.01216125,-0.02836609,-0.02297974,-0.01548004,-0.02272797,-0.0377655,-0.01959229,-0.00869751,-0.02145386,-0.0328598,-0.02785492,-0.008720398,-0.0003738403,-0.03437805,-0.008659363,0.01696014,0.01543427,-0.005577087,-0.009994507,0.02413177,0.01740265,-0.006103516,0.01556396,0.027771,0.0117569,-0.01223755,-0.005729675,0.01206207,0.008666992,-0.02507019,-0.02021027,0.006019592,-0.009597778,-0.0313797,-0.0258255,-0.0209198,-0.02449799,-0.0260849,-0.02318573,-0.01258087,-0.02685547,-0.03455353,-0.01150513,-0.00315094,-0.01866913,1
38,0.03040314,0.01245117,0.01065826,0.02632904,0.02098846,0.00718689,0.004135132,0.002288818,-0.00693512,-0.002655029,0.001617432,-0.001457214,-0.01707458,0.001625061,-0.001586914,-0.01408386,-0.009284973,0.01143646,-0.0009002686,-0.01125336,-0.005371094,0.006439209,-0.004379272,-0.006958008000000001,0.002555847,-0.005844116,-0.01750183,-0.008346558,-0.0005569458,-0.008979797,-0.0009765625,-0.01408386,-0.0199585,-0.005615234,0.00239563,-0.003356934,-0.001937866,0.009010315,0.008132935,0.01147461,0.004112244,0.02624512,0.03095245,0.02701569,0.01937866,0.034599300000000006,0.03808594,0.0246048,0.01403046,0.03392792,1
39,0.0,0.0,0.0,0.0,0.0,0.0,0.0,0.0,0.0,0.08386993,0.05782318,0.04717255,0.03672028,0.03924561,0.03364563,0.03463745,0.03131104,0.03207397,0.0353241,0.03653717,0.03243256,0.02973938,0.01824188,0.01563263,-0.001190186,-0.005882263,-0.0244751,-0.04187012,-0.05407715,-0.06391144,-0.07234192,-0.07344055,-0.08322144,-0.08006287,-0.07401276,-0.07961273,-0.06736755,-0.05467987,-0.06169128,-0.05361176,-0.04227448,-0.03889465,-0.03101349,-0.02893829,-0.03281403,-0.02812958,-0.02537537,-0.02761841,-0.04658508,-0.04518127,1
40,0.0,0.0,0.0,0.0,0.0,0.0,0.0,0.0,-0.1681976,-0.1589432,-0.1310654,-0.1328201,-0.1126404,-0.09946442,-0.08156586,-0.06181335,-0.05845642,-0.05708313,-0.05482483,-0.05435944,-0.05596924,-0.04924011,-0.04709625,-0.05553436,-0.04837799,-0.04963684,-0.04720306,-0.04173279,-0.0453186,-0.03876495,-0.0289917,-0.02044678,-0.02220154,-0.01280975,-0.003005981,-0.0152359,-0.002174377,-0.006347656,-0.009796143,-0.01023865,-0.00642395,3.051758e-05,0.004127502,0.009506226,0.007499695,0.00945282,0.0076675419999999985,-0.0017395020000000002,0.01403809,-0.001693726,0
41,-0.02037811,-0.01325226,-0.01644135,-0.001197815,0.004257202,0.002319336,-0.001296997,-0.005905151,-0.00239563,-0.009681702,-0.01555634,-0.02573395,-0.02993774,-0.02576447,-0.03648376,-0.03305054,-0.03203583,-0.03948975,-0.037193300000000006,-0.03832245,-0.0380249,-0.03195953,-0.02719116,-0.01937866,-0.004058838,-0.003669739,-0.0061340330000000005,-0.006782531999999999,-0.009384155,-0.01258087,-0.01526642,-0.02261353,-0.03150177,-0.03878021,-0.05357361,-0.05138397,-0.05099487,-0.0421524,-0.03740692,-0.02467346,-0.009819031,-0.003128052,0.01309967,0.02069092,0.0307312,0.01974487,0.01809692,0.004173279,0.002723694,-0.01208496,0
42,-0.004570007,0.002357483,0.007171631,-0.002372742,0.004051208,0.001174927,-0.00112915,-0.002723694,-0.002990723,-0.006385803000000001,-0.0045471190000000005,-0.006759644,-0.01252747,-0.008903503,-0.01052094,-0.01452637,-0.01132965,-0.01184082,-0.01205444,-0.007659912,-0.00881958,-0.008659363,-0.004325867,-0.008346558,-0.007102966,-0.003509521,-0.001289368,-0.008735656999999999,-0.007736206,-0.002319336,-0.0001220703,-0.005470276,0.0044174190000000006,-0.004447937,-0.0004425049,0.003807068,-0.002555847,0.006080627,-0.001464844,0.001708984,0.006996155,0.006240845,0.00894165,0.01171112,0.007980346999999999,0.001182556,0.006507874,0.003234863,-0.001266479,0.01374054,0
43,0.02135468,0.02490997,0.01290894,0.01273346,0.01068115,0.00869751,-0.006507874,-0.001678467,0.00592804,0.00995636,0.01481628,0.02493286,0.03382874,0.03357697,0.04164886,0.04537201,0.04225159,0.04644012,0.03813934,0.03353882,0.02676392,0.01405334,0.01457977,0.01818848,0.01268768,0.02075958,0.02116394,0.02563477,0.02658081,0.03197479,0.03886414,0.032341,0.03935242,0.0306015,0.02689362,0.02580261,0.01438141,0.01084137,0.01183319,0.007492065,0.008628845,0.009178162,0.01197052,0.015182499999999996,0.009567261,0.007240295,0.01729584,0.005485535,0.01233673,0.005592346,1
44,0.01119232,-0.004455565999999999,-0.003456116,-0.01599121,-0.01886749,-0.03003693,-0.0227356,-0.01522064,-0.01204681,-0.01209259,0.0007705688000000001,0.001747131,0.009269714,0.006217957,0.003692627,0.00050354,-0.001747131,-0.01064301,-0.01075745,-0.01769257,-0.009719849,-0.007003784,0.004043579,0.006973266999999999,0.01612854,0.02178192,0.02523041,0.02893829,0.02362061,0.02415466,0.01970673,0.01753235,0.01075745,0.003845215,0.0045471190000000005,0.004814148,0.001777649,0.002754211,0.0005645752,0.006973266999999999,-0.003952026,0.007827759,-0.002502441,0.003768921,-0.001853943,0.003379822,0.006240845,0.009384155,0.01205444,0.01741791,0
45,-0.02923584,-0.02671051,-0.02364349,-0.02333832,-0.02627563,-0.02203369,-0.02384949,-0.0328064,-0.03239441,-0.03934479,-0.04514313,-0.04081726,-0.04273224,-0.04620361,-0.04087067,-0.03760529,-0.04219818,-0.03157806,-0.03152466,-0.02410126,-0.030159,-0.02629089,-0.02469635,-0.02290344,-0.02038574,-0.02324677,-0.02630615,-0.02683258,-0.03409576,-0.0334549,-0.03743744,-0.03134918,-0.03726196,-0.02951813,-0.03253174,-0.01769257,-0.02318573,-0.008789063,-0.01660156,-0.01327515,-0.01727295,-0.02002716,-0.02418518,-0.02999115,-0.03578186,-0.03488922,-0.04331207,-0.03063965,-0.03845215,-0.02577209,0
46,0.04625702,0.03569794,0.03227997,0.03223419,0.03342438,0.04036713,0.03482819,0.03648376,0.03244019,0.03726959,0.03855133,0.0402832,0.03836823,0.0343399,0.04317474,0.05085754,0.04597473,0.03959656,0.04433441,0.03533936,0.03610992,0.03477478,0.02064514,0.02166748,0.02062988,0.01862335,0.02183533,0.022399900000000004,0.03034973,0.03942108,0.04965973,0.04949951,0.04125977,0.04358673,0.05092621,0.04423523,0.03887939,0.03756714,0.0281601,0.02433014,0.01756287,0.02664948,0.02207947,0.02718353,0.03438568,0.02997589,0.03203583,0.03082275,0.02405548,0.02651978,1
47,-0.04795074,-0.05252838,-0.03675842,-0.0202179,-0.01578522,-0.02870941,-0.007484436,-0.02632141,-0.01576233,-0.02442932,-0.03574371,-0.02725983,-0.02553558,-0.03810883,-0.04393768,-0.04277802,-0.003463745,-0.01675415,0.003822327,0.01602936,0.022995,0.02918243,0.03874969,0.04086304,0.03377533,0.0326004,0.0344696,0.02577972,0.02078247,-0.01969147,-0.02909851,-0.03993225,-0.05453491,-0.07648468,-0.06804657,-0.06069946,-0.07072449,-0.07165527,-0.05186462,-0.04598999,-0.04033661,-0.03148651,-0.03097534,-0.01022339,-0.01720428,-0.01750183,-0.01651764,-0.03187561,-0.02861023,-0.03594208,1
48,0.0,0.0,0.0,0.0,0.0,0.0,0.0,0.0,0.0,0.0,0.0,0.0,0.0,0.0,0.0,0.0,0.0,0.13111879999999998,0.1122437,0.09585571,0.09537506,0.07270813,0.05020905,0.03665924,0.0177002,0.0174408,0.006088257,-0.03639984,-0.03803253,-0.04408264,-0.03086853,-0.01412964,-0.0118103,-0.01233673,-0.01522064,-0.02246857,-0.01557922,-0.0102005,-0.01956177,-0.02161407,-0.03637695,-0.0330658,-0.04531097,-0.0337677,-0.0439682,-0.03914642,-0.05329132,-0.03881836,-0.02986908,-0.02222443,1
49,0.0,0.0,0.0,0.0,0.0,0.0,0.1645584,0.1544647,0.1395645,0.1249008,0.09780884,0.08338928,0.04801178,0.03642273,-0.0005111694,-0.006599425999999999,-0.02895355,-0.03504181,-0.05089569,-0.05294037,-0.05475616,-0.0533905,-0.0528717,-0.04586792,-0.04894257,-0.02909088,-0.02323151,-0.03859711,-0.03300476,-0.02394104,-0.0217514,-0.0174408,-0.01743317,-0.03105927,-0.02646637,-0.02806091,-0.01229095,-0.01778412,-0.007049561,-0.01014709,-0.0071563719999999985,0.004875183,-0.005767822,0.01105499,-0.005149841,0.006111145,-0.009506226,0.01616669,-0.01586914,-3.814697e-05,1
50,0.0,0.0,0.0,0.0,0.0,0.0,0.0,0.0,0.0,0.0,0.0,0.0,0.0,0.0,0.0,0.0,0.0,0.0,0.0,0.0,0.0,0.0,0.0,0.0,0.0,0.0,0.0,-0.150795,-0.1455078,-0.1234436,-0.08894348,-0.07371521,-0.0397644,-0.02534485,-0.009284973,0.0100174,0.005584717,0.02728271,0.01046753,0.02373505,0.01469421,0.01651001,0.01624298,0.01111603,0.01220703,0.008506775,0.01786041,0.01211548,0.02698517,0.0300827,0
51,0.01508331,0.01413727,0.01465607,0.01327515,0.003753662,0.01257324,0.01152802,0.01073456,0.006652831999999999,0.007339478000000002,0.005935669,0.002601624,0.001792908,0.008155823000000001,-0.001945496,0.004447937,-0.002975464,0.006652831999999999,-0.001449585,0.01616669,0.0028152470000000003,0.01741791,0.01718903,0.01248932,0.03219604,0.0070114140000000005,0.02371216,0.01019287,0.01998138,0.01247406,0.01229858,0.02111816,0.02046967,0.01100922,0.01748657,0.02313232,0.01768494,0.01396179,0.009086609,0.02204132,0.02978516,0.02006531,0.01973724,0.03804779,0.02877808,0.01967621,0.03128052,0.039505,0.02723694,0.03356171,0
52,-0.00983429,-0.003089905,-0.005180359,0.001312256,0.006393433,0.004333496,0.01014709,0.01052856,0.01296997,0.01021576,0.01438141,0.01361847,0.01197815,0.01009369,0.01058197,0.0120163,0.01076508,0.01302338,0.005264282,0.004013062,0.003387451,0.001205444,-0.001922607,-0.007789612,-0.007675171,-0.01120758,-0.014144899999999997,-0.01443481,-0.01655579,-0.01593781,-0.01434326,-0.01390076,-0.01382446,-0.01223755,-0.01132202,-0.009872437,-0.008056641,-0.002456665,-0.001991272,0.001289368,0.0040740970000000005,0.001029968,0.005722046,0.004570007,0.00617218,0.005393981999999999,0.009239197,0.01309204,0.01811218,0.007324219,1
53,-0.004302979,-0.00667572,-0.0118103,-0.008483886999999999,-0.01065063,-0.01250458,-0.0113678,-0.01081848,-0.01070404,-0.01213074,-0.01264954,-0.01181793,-0.0112915,-0.01061249,-0.01269531,-0.01103973,-0.01177979,-0.007568359,-0.009719849,-0.01004791,-0.006378174,-0.005805969,-0.003555298,-0.009613037,-0.008300781,-0.007202148,-0.006889343000000001,-0.005317688,-0.01132202,-0.005111694,-0.00743866,-0.003677368,-0.005966187,-0.004493713,-0.006019592,-0.003318787,-0.002670288,-0.004592896,-0.002586365,-0.0008697510000000001,-0.003051758,-0.002449036,-0.007629395,-0.002838135,-0.006095886,-0.003639221,-0.002388,-0.004592896,-0.005325317,-0.005279541,1
54,-0.03025818,-0.02983856,-0.0303421,-0.03542328,-0.03591919,-0.04225159,-0.04110718,-0.03762817,-0.0391922,-0.03569794,-0.03028107,-0.02313995,-0.01869202,-0.01524353,-0.008110046,-0.007148743000000002,-0.003128052,0.002243042,0.0009231567,-0.001457214,-0.006393433,-0.01004028,-0.01589966,-0.01974487,-0.02929688,-0.03368378,-0.03731537,-0.0361557,-0.0324707,-0.03133392,-0.0275116,-0.02420044,-0.01655579,-0.01568604,-0.01660156,-0.005378723,-0.002296448,0.001113892,0.007858275999999999,0.0050354,0.006378174,0.0050354,0.003341675,0.00793457,0.004516602,0.001930237,0.004585266,0.006767273000000001,0.007545471,0.009933472,1
55,-0.0231781,-0.02903748,-0.0328598,-0.03044128,-0.0275116,-0.02539063,-0.02018738,-0.01481628,-0.009017944,-0.003013611,-0.001190186,0.0002059937,-0.0004806519,-0.001670837,-0.01023102,-0.01119232,-0.01582336,-0.01759338,-0.01901245,-0.0187912,-0.01815033,-0.01699829,-0.01490784,-0.01845551,-0.01393127,-0.01219177,-0.01794434,-0.01786041,-0.01715851,-0.01569366,-0.0191803,-0.02141571,-0.01780701,-0.01806641,-0.01861572,-0.01331329,-0.009773254,-0.004302979,-0.0004119873000000001,0.001869202,0.00553894,0.0034179690000000003,0.003143311,0.0004119873000000001,0.0005645752,-0.0003814697,-0.003990173,-0.01113892,-0.02061462,-0.02945709,0
56,0.0,0.0,0.0,0.0,0.0,0.0,0.0,0.0,0.0,0.0,0.0,0.0,0.0,0.0,0.0,0.0,0.0,-0.1674271,-0.15242,-0.1219635,-0.1151276,-0.08618927,-0.081604,-0.05737305,-0.059021,-0.045578,-0.04929352,-0.03341675,-0.03501892,-0.0227356,-0.0239563,-0.01506042,-0.004104614,-0.006347656,-0.01342773,-0.004211426,-0.008934021,-0.002998352,-0.01898193,-0.01114655,-0.01980591,-0.02744293,-0.01379395,-0.03180695,-0.02321625,-0.03340149,-0.01651764,-0.03408051,-0.02377319,-0.01589203,0
57,0.0,0.0,0.0,0.0,0.0,0.0,0.0,0.1615448,0.1588516,0.1447296,0.1070175,0.1099243,0.08403015,0.06606293,0.05799103,0.05981445,0.05084991,0.04755402,0.03622437,0.03961182,0.04640198,0.04624176,0.03670502,0.04499054,0.04535675,0.04530334,0.03536224,0.03336334,0.0198822,0.009529114,0.006576538000000001,-0.01222992,-0.01795197,-0.02528381,-0.0137558,-0.01428986,-0.01165009,-0.0003738403,0.001152039,0.005332946999999999,0.008476257,0.009803772,0.01104736,0.01166534,0.02085114,0.01965332,0.01868439,0.03112793,0.02924347,0.02383423,0
58,0.003746033,0.008216858,0.01158142,0.006492615,0.01206207,0.01163483,0.01475525,0.007919312,0.01025391,0.01422882,-0.001678467,0.0003204346,-0.005073547,-0.01288605,-0.004714966,-0.01038361,-0.01441193,-0.00667572,-0.001037598,-0.007041931,0.002998352,0.009056091,0.005805969,0.01288605,0.02115631,0.01841736,0.01343536,0.02029419,0.0004196167,0.01616669,0.003059387,-0.003913879,-0.0009384155,-0.01567841,-0.02310944,-0.005470276,-0.01203918,-0.01104736,-0.0025177,-0.016845699999999998,-0.005622864,0.003303528,0.003005981,0.01370239,0.02393341,0.0298233,0.02875519,0.03812408,0.03765869,0.02438354,1
59,0.0,0.0,0.02563477,0.01831055,0.03317261,0.02754211,0.02289581,0.02469635,0.02503967,0.02453613,0.02161407,0.02487183,0.01734924,0.003837585,-0.02251434,-0.07820129,-0.03209686,-0.01506805,0.00920105,0.05480957,0.06637573,0.07538605,0.07415771,0.0626297,0.04640961,0.04173279,0.04707336,0.03158569,0.0194397,0.01798248,0.03173065,0.02248383,0.01625061,0.02116394,0.01908112,0.0197525,0.02005768,0.01139069,0.02138519,-0.00151825,0.007369995,0.0006103516000000001,0.0030975340000000003,0.01119995,0.01230621,0.01454163,0.01264191,0.01132965,0.01879883,0.01844025,1
60,0.0,0.0,0.0,0.0,0.0,0.0,0.0,0.0,0.0,0.0,0.0,0.0,0.0,0.0,0.0,0.0,0.0,0.0,0.0,0.0,0.0,0.0,0.0,0.0,0.0,0.0,0.0,0.0,0.0,-0.02921295,-0.03725433,0.01136017,0.003700256,0.007659912,0.02167511,0.02207184,0.01473236,0.01261902,0.007957458,-0.01325226,-0.01419067,-0.01745605,-0.009666443,-0.0224762,-0.009300232,-0.01451874,-0.008911133,-0.008926392,-0.009529114,-0.02841949,1
61,-0.01332855,-0.007629395,-0.0007247925,0.01163483,0.008468628,0.02618408,0.02484894,0.02875519,0.03783417,0.03600311,0.02153015,0.02420807,0.02728271,0.009910583,0.01593781,0.009124756,-0.00327301,-0.0015411379999999998,-0.01000977,-0.005134583,-0.0005111694,-0.0005493164,0.00692749,0.01403046,0.01513672,0.02923584,0.02669525,0.029953,0.02106476,0.02351379,0.03052521,0.04201508,0.03811646,0.03193665,0.01873779,0.02084351,0.01580048,0.01596832,0.01552582,0.01035309,-0.0002670288,0.01972961,0.02574921,0.02101898,0.02849579,0.03025818,0.03673553,0.04076385,0.04469299,0.04366302,1
62,0.0,0.0,0.0,0.0,0.0,0.0,0.0,0.0,0.0,0.0,0.0,0.0,0.0,0.0,0.0,0.0,0.0,0.07238007,0.05732727,0.03324127,0.00743866,-0.0206604,-0.05027771,-0.06723785,-0.07886505,-0.09420013,-0.08396149,-0.07987213,-0.07178497,-0.05992889,-0.05695343,-0.05079651,-0.02470398,-0.02708435,-0.02693176,-0.02232361,-0.02262115,-0.01711273,-0.02318573,-0.01702118,-0.02048492,-0.02191162,-0.02140808,-0.01520538,-0.01924133,-0.008903503,0.00276947,-0.0005722046,0.004058838,0.008758545,0
63,0.00642395,0.01335144,0.009735107,0.01230621,0.009346008,0.02042389,0.01128387,0.005485535,0.01116943,-0.003448486,0.005332946999999999,0.0008544922000000001,-0.003715515,-0.008460999,-0.01387787,-0.009422302,-0.0136795,-0.01419067,-0.0100708,-0.01059723,-0.005622864,-0.002975464,-0.004020691,0.004463196,-0.004898071,0.009902954,0.009124756,0.01634979,0.02204895,0.02307129,0.02908325,0.02829742,0.02639771,0.02178955,0.02329254,0.01368713,0.01792908,0.0006942749,0.00138855,0.00125885,0.006034851,0.0071105959999999985,0.01346588,0.0110321,0.02612305,0.02737427,0.03005219,0.03324127,0.0333786,0.04115295,1
64,0.02095795,0.0275116,0.028862,0.03543091,0.03897858,0.03466034,0.04851532,0.04750061,0.0480957,0.04862976,0.04004669,0.04804993,0.03224945,0.02728271,0.01808167,0.01703644,0.02002716,0.01721954,0.01356506,0.0122757,0.01911163,0.02082062,0.01563263,0.01974487,0.02761841,0.02851105,0.01977539,0.02862549,0.02018738,0.02152252,0.01946259,0.01022339,0.01757813,0.01823425,0.01605225,0.02095032,0.01629639,0.01688385,0.01735687,0.01567841,0.0165329,0.01776123,0.01938629,0.01426697,0.01846313,0.01647186,0.01292419,0.02852631,0.02429199,0.02912903,1
65,-0.003013611,-0.008094788,-0.004386902,-0.001686096,-0.006225586,-0.00655365,-0.01078033,-0.01243591,-0.01107788,-0.01102448,-0.006019592,-0.004272461,-0.007369995,-0.007217406999999999,-0.001274109,-0.000617981,0.005973816,0.0032272340000000003,0.003868103,0.009132385,0.01257324,0.01461792,0.01065063,0.009689331,0.01261902,0.02135468,0.009170532,0.01074219,0.01159668,0.0107193,0.01026154,0.01176453,0.008514404,0.009971619,0.004814148,0.001594543,0.001571655,0.007362365999999999,0.007240295,0.001335144,-0.002212524,0.001182556,0.008056641,0.008041382,0.005249023,0.0029067990000000003,-0.0040740970000000005,0.008247375,0.02108002,0.01415253,0
66,0.02131653,0.02229309,0.02419281,0.02110291,0.02475739,0.0199585,0.02256775,0.02617645,0.02495575,0.01651764,0.01477814,0.01668549,0.01094055,0.009429932,0.009941101,0.01119995,0.008361816,0.008453369,0.005531311,0.007240295,0.009941101,0.01062012,0.005813599,0.002128601,0.002807617,0.006614685,0.0031585690000000004,0.00579071,0.001792908,0.002037048,0.001319885,0.0034408570000000003,-0.004310608,-0.008590698,-0.002029419,0.001327515,-0.005744934,-0.02081299,-0.01903534,-0.01515198,-0.01468658,-0.01698303,-0.02347565,-0.02763367,-0.04288483,-0.03284454,-0.03611755,-0.03636169,-0.04505157,-0.04525757,0
67,0.0,0.0,0.0,0.0,0.0,0.0,0.0,0.0,0.0,0.0,0.0,0.0,0.0,0.0,0.0,0.0,0.0,0.0,0.0,0.0,0.0,0.0,0.0,0.0,0.0,0.0,0.0,0.0,0.17230220000000002,0.154335,0.13065339999999998,0.1000061,0.09311676,0.07260895,0.04889679,0.03872681,0.03370667,0.03284454,0.02747345,0.02235413,0.02366638,0.03362274,0.03606415,0.02541351,0.05477142,0.06507874,0.07143402,0.08374023,0.09279633,0.06616211,1
68,0.03336334,0.02334595,0.02148438,0.01836395,0.02667236,0.0253067,0.027824400000000003,0.02981567,0.01747131,0.02308655,0.02409363,0.01318359,0.0115509,0.008499145999999999,0.0112381,0.01516724,0.03250885,0.04231262,0.04167175,0.0552063,0.06378937,0.06496429,0.06040192,0.06476593,0.05516815,0.03666687,0.02697754,0.01361847,0.01880646,0.01729584,0.01924896,0.02856445,0.02767181,0.02942657,0.02679443,0.02519226,0.02205658,0.03448486,0.03168488,0.01792145,0.02055359,0.01767731,0.01696014,0.0173111,-0.001495361,0.007583618,0.01370239,0.005348206,0.0028152470000000003,0.01517487,0
69,0.02635193,0.02310181,0.01051331,0.01670837,0.006904601999999999,0.01938629,0.02186584,0.03897858,0.04772186,0.05102539,0.05197906,0.04978943,0.05228424,0.05554962,0.05046844,0.04518127,0.02958679,0.03203583,0.03507996,0.03398132,0.04682922,0.0391922,0.04485321,0.03800201,0.04557037,0.04766083,0.04067993,0.03412628,0.02948761,0.03217316,0.02596283,0.02876282,0.02877808,0.03253937,0.03840637,0.05129242,0.04854584,0.03889465,0.03524017,0.02949524,0.02883911,0.01727295,0.01509857,0.01972198,0.0198822,0.02073669,0.02186584,0.04194641,0.03864288,0.06448364,1
70,-0.02833557,-0.02793121,-0.0386734,-0.02236176,-0.03144073,-0.01993561,-0.02403259,-0.015182499999999996,-0.01980591,-0.02550507,-0.01646423,-0.009277344,-0.0134201,-0.01899719,-0.01547241,-0.01199341,-0.01029968,0.0003738403,-6.866455e-05,0.002464294,0.008354186999999999,0.01235962,0.01305389,0.014976499999999997,0.02290344,0.01866913,0.01587677,0.01772308,0.01108551,0.007537841999999999,-0.0009307861,0.001495361,-7.629395e-06,-0.0009460449,-0.002540588,-0.01051331,-0.008079529,-0.008903503,-0.006469727,0.0028533940000000004,0.001174927,-0.008270264,0.004684448,-0.0024948120000000003,-0.002128601,0.009094238,0.004165649,-0.00478363,-7.629395e-06,-0.0008316039999999999,1
71,-0.05371857,-0.05498505,-0.05731201,-0.05278778,-0.05433655,-0.05024719,-0.04753113,-0.04710388,-0.04029083,-0.04150391,-0.03935242,-0.03297424,-0.02474213,-0.02043152,-0.01655579,-0.01461792,-0.01728058,-0.00239563,0.01358032,0.016326900000000002,0.01126862,0.01760101,0.02174377,0.01857758,0.01920319,0.01959991,0.02785492,0.03665161,0.02095795,0.01552582,0.01494598,0.008171082,0.001434326,-0.001449585,-0.01481628,-0.01328278,-0.01468658,-0.01262665,-0.03089142,-0.03289795,-0.04042053,-0.03033447,-0.03421021,-0.03670502,-0.03408051,-0.02875519,-0.02086639,-0.02113342,-0.009407043,-0.01616669,0
72,0.01168823,0.01615906,0.01134491,0.001174927,-0.0006256104,-0.00869751,-0.008743286,-0.01250458,-0.01539612,-0.01794434,-0.01636505,-0.01371765,-0.01302338,-0.01589203,-0.01250458,-0.02199554,-0.0026626590000000004,0.002250671,-0.001190186,-0.002212524,0.003105164,-0.00276947,0.005401611,0.003471375,0.009994507,0.01231384,0.007766724,0.0006484985,0.006332396999999999,0.0023040770000000003,0.004020691,0.002159119,-0.003936768,-0.006561279000000001,0.0008621216000000001,0.005119324000000001,0.007202148,0.005470276,0.00554657,0.0004577637000000001,-0.004364014,-0.005409241,-0.0004653931,-0.01081848,-0.002960205,0.00213623,-0.01077271,-0.003089905,-0.002479553,-0.008506775,0
73,0.0,0.0,0.0,0.0,0.0,0.0,0.0,0.0,0.0,0.0,0.0,-0.17627720000000002,-0.1134491,-0.1196747,-0.09475708,-0.08378601,-0.08527374,-0.08229828,-0.1026382,-0.1038132,-0.12869260000000002,-0.1244507,-0.1259003,-0.1271744,-0.1123276,-0.109108,-0.07506561,-0.07937622,-0.04428101,-0.04227448,-0.04337311,-0.03041077,-0.03920746,-0.04531097,-0.04559326,-0.052948,-0.04944611,-0.04928589,-0.05001831,-0.04776764,-0.03908539,-0.03561401,-0.026916500000000003,-0.02059174,-0.01916504,-0.01679993,-0.00983429,-0.02728271,-0.009307861,-0.01683044,1
74,-0.04590607,-0.04922485,-0.04381561,-0.04808044,-0.05024719,-0.06186676,-0.0436554,-0.05270386,-0.05607605,-0.05154419,-0.06316376,-0.05122375,-0.04450989,-0.03284454,-0.01573944,6.103516e-05,0.0118866,0.03172302,0.03393555,0.04348755,0.0422821,0.05165863,0.03973389,0.04341888,0.03304291,0.03498077,0.01830292,0.01374817,0.003135681,-0.001586914,-0.01583099,-0.00328064,-0.02105713,-0.02458191,-0.02010345,-0.003234863,-0.01132965,0.002372742,-0.00995636,-0.01023102,-0.02264404,-0.02503204,-0.02531433,-0.02502441,-0.04314423,-0.0345459,-0.04092407,-0.03157806,-0.04447174,-0.03611755,1
75,0.0,0.0,0.0,0.0,0.0,0.0,0.0,0.0,0.0,0.0,0.0,0.0,0.0,0.0,0.0,0.0,0.0,0.0,0.0,0.0,0.0,0.0,0.0,0.04785919,0.05891418,0.05141449,0.04794312,0.04929352,0.04703522,0.03577423,0.04857635,0.0324707,0.03738403,0.0391922,0.005531311,0.005432129,0.01876068,-0.007568359,-0.01087189,0.005714416999999999,-0.02029419,-0.01387787,0.008651733,0.008010864,-0.00202179,0.01957703,0.03381348,-0.01256561,-0.01404572,-0.0249176,0
76,-0.0008163452000000001,0.01063538,-0.01455688,0.01268005,-0.004455565999999999,-0.01676178,-0.01673126,-0.03592682,-0.02275848,-0.04071808,-0.02500916,-0.03891754,-0.05127716,0.003601074,-0.001213074,-0.02891541,0.001564026,-0.01057434,0.005065918,0.02823639,0.009529114,0.002586365,-0.0004119873000000001,-0.002983093,-0.01911926,-0.02387238,-0.03449249,-0.03561401,-0.02835846,-0.05419159,-0.02548218,-0.02529144,-0.0328598,-0.002334595,-0.04044342,-0.01594543,0.00793457,-0.0329361,-0.0189743,-0.05046844,-0.03212738,-0.0322876,-0.04634094,-0.05034637,-0.08036804,-0.06481171,-0.06903076,-0.07694244,-0.09284973,-0.09325409,0
77,-0.02813721,-0.04411316,-0.04283142,-0.03539276,-0.02867126,-0.02336884,-0.04885101,-0.03721619,-0.02740479,-0.01851654,-0.0268631,-0.04475403,-0.03959656,-0.02359772,-0.01004028,-0.01345825,-0.03560638,-0.02996826,-0.01724243,-0.002799988,-0.02100372,-0.02817535,-0.02106476,-0.01273346,-0.00579071,-0.01744843,-0.02510834,-0.02062225,-0.01098633,-0.01216888,-0.026214599999999998,-0.02993774,-0.0279007,-0.009063721,0.001266479,-0.007751465,-0.007904053000000001,-0.01594543,0.003234863,0.004440308,0.00994873,-0.0003509521,-0.001228333,0.004585266,0.03052521,0.02912903,0.01482391,0.02510834,0.002639771,0.03907776,0
78,-0.08056641,-0.07746887,-0.07014465,-0.05803680000000001,-0.05429077,-0.04605865,-0.04376984,-0.05366516,-0.03301239,-0.03501892,-0.02230072,-0.01261902,-0.01529694,-0.01912689,-0.02297211,-0.006713866999999999,0.00365448,0.0009002686,-0.0161438,-0.006523131999999999,0.006492615,0.01378632,0.002685547,-0.013107299999999995,-0.006164551,0.009613037,0.02125549,0.01366425,0.01860809,0.008041382,-0.004432678,0.000289917,0.0030975340000000003,-0.01490021,-0.01940918,-0.01866913,-0.007507324,-0.002006531,-0.02868652,-0.03884125,-0.04650879,-0.03023529,-0.01250458,-0.02615356,-0.03617859,-0.04044342,-0.03427124,-0.00032806400000000004,-0.006767273000000001,-0.02553558,0
79,0.02204132,0.03367615,0.03472137,0.04043579,0.03672028,0.02941132,0.04299164,0.03424835,0.0390625,0.0377121,0.03055573,0.02616882,0.02791595,0.0406189,0.0353241,0.02462769,0.01586151,0.02045441,0.02326965,0.02245331,0.01429749,-0.007629395,0.003234863,0.006484985,0.004325867,-0.005836487,-0.015625,-0.01268005,-0.007041931,-0.01361847,-0.02764893,-0.01982117,0.009140015,0.01802063,-0.001335144,-0.01698303,-0.02376556,-0.02535248,-0.01412201,-0.01988983,-0.03070831,-0.04821014,-0.03420258,-0.02480316,-0.03083801,-0.046043400000000005,-0.06282806,-0.07337189,-0.05286407,-0.03366089,0
80,-0.02565002,-0.02008057,-0.007087708000000002,-0.009552002,-0.01648712,-0.00642395,-0.003982544,-0.0042648320000000005,0.002723694,-0.005439758,-0.004814148,0.002433777,-0.001029968,0.01022339,0.008071899,0.01615143,0.0124054,0.008415222,0.01234436,0.01412201,0.01576233,0.009147644,0.01480103,0.007049561,-0.006507874,-0.005889893,-0.01592255,-0.01377106,-0.01534271,-0.03234863,-0.02523804,-0.02177429,-0.01596069,-0.0289917,-0.03894043,-0.03816223,-0.02928162,-0.02294922,-0.03569031,-0.04053497,-0.02835083,-0.02850342,-0.02842712,-0.02883911,-0.01681519,-0.0190506,-0.005699158,-0.01291656,-0.03366852,-0.01888275,0
81,0.0,0.0,0.0,0.0,0.0,0.0,0.0,0.0,0.0,0.0,0.0,0.0,0.0,0.0,0.0,0.0,0.0,0.1182404,0.08763123,0.08213806,0.05308533,0.03088379,-0.002250671,-0.0147934,-0.03616333,-0.04336548,-0.03403473,-0.03346252,-0.0231781,-0.02788544,-0.01493073,-0.0111618,-0.00933075,-0.01598358,-0.01185608,-0.014976499999999997,-0.01368713,-0.01556396,-0.02111053,-0.01722717,-0.0324707,-0.02327728,-0.03129578,-0.03868103,-0.04372406,-0.04814148,-0.05056,-0.05156708,-0.04430389,-0.04316711,1
82,0.09341431,0.08576965,0.07630157,0.07527161,0.08142853,0.09278107,0.09420013,0.09967804,0.09597778,0.09306335,0.09749603,0.08601379,0.0809021,0.08496857,0.08377838,0.08268738,0.07421875,0.08798981,0.07566071,0.08015442,0.07473755,0.07037354,0.05916595,0.05513763,0.05460358,0.04829407,0.04815674,0.0453186,0.04188538,0.02770233,0.02042389,0.02787781,0.01157379,0.02510071,0.01293182,0.01306915,0.0112915,0.006958008000000001,-0.001678467,0.002891541,-0.0008468628,-0.003204346,-0.009513855,-0.02275848,-0.01420593,-0.03117371,-0.01841736,-0.02619934,-0.02506256,-0.03458405,0
83,0.05522919,0.04251099,0.02749634,0.01685333,0.01551056,0.009712219,0.01279449,0.01365662,0.008583069,0.02580261,0.02945709,0.02012634,0.02497101,0.01460266,0.014534,0.0007476807,-0.004440308,-0.01509857,-0.02906036,-0.02610779,-0.04212952,-0.05493927,-0.07100677,-0.07419586,-0.08213806,-0.07695007,-0.08460236,-0.08267212,-0.08295441,-0.09328461,-0.09163666,-0.09567261,-0.09830475,-0.09081268,-0.08494568,-0.07447815,-0.06297302,-0.05404663,-0.0287323,-0.02494049,-0.02155304,-0.0145874,-0.01277161,-0.01582336,-0.02140808,-0.01664734,-0.01483917,-0.005783081,-0.02780914,-0.0144577,0
84,0.143219,0.1443787,0.1337509,0.134697,0.13200379999999998,0.13046259999999998,0.110199,0.096138,0.1001205,0.07680511,0.07650757,0.07841492,0.0641861,0.059021,0.05155945,0.05056,0.04756927,0.04325867,0.02597046,0.03555298,0.03869629,0.01970673,0.01594543,0.02080536,0.01067352,0.01068115,0.003761292,0.003829956,0.01313782,-0.000541687,0.000213623,0.01093292,0.007133484,-0.007194519,0.0009384155,-0.006317139,-0.0001831055,0.004486084,-0.003593445,-0.01332855,0.0002365112,-0.004493713,-0.01251221,-0.009223938,-0.01190186,-0.03404999,-0.03112793,-0.03305817,-0.02275848,-0.02781677,1
85,0.1619415,0.141983,0.1175461,0.1060181,0.0779953,0.03929138,0.01599884,-0.02357483,-0.02417755,-0.01578522,-0.03153992,-0.03581238,-0.02796173,-0.03161621,-0.03163147,-0.0343399,-0.04291534,-0.04691315,-0.0533371,-0.04221344,-0.04860687,-0.06039429,-0.04878998,-0.03289795,-0.01734161,0.0003814697,0.01243591,0.0118103,0.02936554,0.01617432,0.02076721,0.004699707,0.01087952,0.003890991,0.001327515,0.003967285,-0.004844666,-0.0116272,-0.006240845,-0.0066909790000000005,-0.01111603,-0.004127502,-0.01299286,-0.01863098,-0.004760742,-0.01045227,-0.01915741,-0.0174408,-0.03422546,-0.04587555,1
86,0.0,0.0,0.0,0.0,0.0,-0.1166306,-0.1029892,-0.08505249,-0.05207062,-0.04443359,-0.004653931,-0.002731323,0.01769257,0.04588318,0.04967499,0.06443787,0.05889893,0.06200409,0.0761795,0.06972504,0.06537628,0.06902313,0.04544067,0.04283142,0.03086853,0.034935,0.02960968,0.03143311,0.03382874,0.02614594,0.01000977,0.01694489,-0.007087708000000002,-0.02407837,-0.02523804,-0.03323364,-0.0522995,-0.05722046,-0.0718689,-0.07361603,-0.07438660000000001,-0.06932831,-0.08211517,-0.08364105,-0.07882689999999999,-0.08297729,-0.07700348,-0.05861664,-0.05748749,-0.04932404,1
87,0.0,0.0,0.0,0.0,0.0,0.0,0.0,0.0,0.0,0.0,0.0,-0.03920746,-0.04928589,-0.05101776,-0.07366943,-0.07127380000000001,-0.07330322,-0.07478333,-0.0763855,-0.08262634,-0.07859039,-0.04411316,-0.05869293,-0.03787994,-0.03147888,-0.03057861,-0.02001953,-0.02230835,-0.03690338,-0.02462006,-0.04078674,-0.02991486,-0.03279114,-0.01258087,-0.03007507,0.003555298,-0.002677917,0.007873535,0.01009369,0.03585052,0.01564026,0.03147888,0.01750183,0.03330994,-0.003433228,0.01565552,-0.01389313,-0.0001220703,-0.01222992,0.004318237,0
88,0.0,0.0,0.0,0.0,0.0,-0.02393341,-0.04950714,-0.03804779,-0.05962372,-0.05576324,-0.06650543,-0.04419708,-0.05705261,-0.03075409,-0.03246307,-0.0365448,-0.03608704,-0.03491211,-0.04811859,-0.04921722,-0.06346130000000001,-0.07635498,-0.07196808,-0.06414032,-0.06670380000000001,-0.06521606,-0.06535339,-0.05477905,-0.04672241,-0.04219818,-0.04698944,-0.05607605,-0.02931976,-0.03565216,-0.03862762,-0.05095673,-0.02825928,-0.05030823,-0.02249908,-0.04425812,-0.02085876,-0.03176117,-0.02669525,-0.04660034,-0.01334381,-0.04416656,-0.02549744,-0.04655457,-0.02388,-0.04135895,0
89,-0.04328156,-0.07752991,-0.08131409,-0.1048355,-0.05923462,-0.09796906,-0.07376862,-0.10754389999999997,-0.09067535,-0.1056595,-0.08735657,-0.06758881,-0.08551788,-0.09822083,-0.09641266,-0.05113983,-0.04915619,-0.008110046,-0.02051544,0.01377869,0.0144043,0.03372192,0.01428223,0.01520538,0.005050659,0.01151276,-0.007858275999999999,-0.01989746,-0.01300049,-0.04109192,-0.0247345,-0.04807281,-0.02275085,-0.02098083,0.002418518,-0.02285767,0.006103516,-0.003517151,0.005378723,0.0034179690000000003,0.00226593,0.002098083,-0.006248474,-0.0102005,-0.007240295,-0.01305389,-0.03063202,-0.03067017,-0.039711,-0.03051758,0
90,-0.05249786,-0.03751373,-0.03196716,-0.0267334,-0.01419067,-0.001052856,0.002426147,-0.006416321,0.01250458,0.019363400000000003,0.009979248,0.0221405,0.02124023,0.02500916,0.02511597,0.01628876,0.008384705,0.004974365,0.01265717,-0.0027771,-0.002418518,-0.009910583,-0.01108551,-0.006462096999999999,-0.009498596,0.0007247925,0.002593994,0.01165771,0.004951477,0.007064819,0.01119232,0.02005768,0.01753235,0.01226044,0.01500702,0.02050018,0.005310059000000001,0.01464844,-0.02005768,0.01682281,-0.02342987,-0.01644897,-0.05138397,-0.03644562,-0.04420471,-0.03220367,-0.0448761,-0.03604126,-0.03323364,-0.001899719,1
91,-0.02120209,-0.008880615,-0.0005722046,-0.003974915,0.009712219,0.006904601999999999,0.02333069,0.01063538,0.02064514,0.02415466,0.01687622,-0.001091003,-0.009048462,-0.005104065,-0.01570129,-0.01567078,-0.03366852,-0.03089905,-0.05492401,-0.0455246,-0.0513916,-0.04469299,-0.04870605,-0.04792786,-0.04598999,-0.03175354,-0.03471375,-0.03279114,-0.03038025,-0.02455902,-0.02399445,-0.02558899,-0.0227356,-0.02056885,-0.02835083,-0.02655029,-0.03369141,-0.03261566,-0.03778839,-0.03864288,-0.03076935,-0.02558899,-0.02468872,-0.0115509,-0.01880646,-0.01624298,-0.007911682,-0.02536011,-0.02546692,-0.03350067,0
92,-0.03683472,-0.03631592,-0.03769684,-0.03803253,-0.034675599999999994,-0.03774261,-0.0268631,-0.02288818,-0.02441406,-0.01403809,-0.01678467,-0.01184082,-0.007781982,-0.01456451,0.004570007,-0.008766174,-0.01982117,-0.009994507,-0.02506256,-0.02510834,-0.03077698,-0.04208374,-0.04101563,-0.05040741,-0.04042816,-0.05735779,-0.04621887,-0.05755615,-0.04050446,-0.04851532,-0.04956055,-0.03675079,-0.04059601,-0.03357697,-0.04632568,-0.04303741,-0.04877472,-0.04855347,-0.06432343,-0.05853271,-0.04142761,-0.0550766,-0.02568054,-0.04255676,-0.02241516,-0.02877045,-0.04083252,-0.03729248,-0.04006195,-0.04827118,0
93,-0.04691315,-0.03795624,-0.02874756,-0.02561188,-0.01322174,-0.0120163,-0.007362365999999999,-0.01051331,0.01194,-0.002388,-0.008140564,-0.001556396,-0.00945282,-0.007797241,-0.01704407,-0.009658813,-0.02335358,-0.009750366,-0.004219055,0.005897522,0.008682251,0.0042648320000000005,0.008148193,-0.001586914,0.01013947,-0.001075745,-0.01068115,-0.007614136,-0.00843811,-0.0187912,-0.01228333,-0.008163452,-0.004096985,0.004653931,-0.0006027222,0.004615784,0.01010132,0.0004806519,0.004753113,-0.006484985,-0.0034179690000000003,-0.02108765,-0.02274323,-0.02823639,-0.03955841,-0.02544403,-0.03129578,-0.01464081,-0.03094482,-0.02335358,0
94,0.0,0.0,0.0,0.0,0.0,0.0,0.0,0.0,0.0,0.0,0.0,0.0,0.0,0.0,0.0,0.0,0.0,0.0,0.0,0.0,0.0,0.0,0.0,0.0,0.0,0.0,0.0,0.03988647,0.0328064,0.01532745,0.01676941,-0.005737305,-0.0242157,-0.01496887,-0.03317261,-0.02771759,-0.04157257,-0.02479553,-0.03225708,-0.007583618,-0.01380157,-0.0016632079999999998,-0.01430511,0.001190186,-0.01369476,0.001434326,-0.01904297,-0.005012512,-0.04097748,-0.021492,0
95,0.0,0.0,0.0,0.0,0.0,0.0,0.0,0.0,0.0,0.0,0.0,0.0,0.0,0.0,0.0,0.0,0.0,0.0,0.0,0.0,0.0,0.0,0.0,0.0,0.0,0.0,0.0,0.0,-0.1256943,-0.1079712,-0.11621860000000002,-0.09519958,-0.08885193,-0.07908630000000001,-0.07414246,-0.06916046,-0.05843353,-0.053077699999999985,-0.04701996,-0.03871918,-0.02248383,-0.02325439,-0.002655029,-0.000289917,-0.002212524,-0.001152039,-0.001022339,-0.002685547,-0.003089905,-0.02339935,1
96,-0.01786804,-0.01976776,-0.01864624,-0.01559448,-0.01063538,-0.01476288,-0.01181793,-0.00983429,-0.01748657,-0.01107788,-0.01107788,-0.006698608000000001,-0.0103302,-0.002296448,-0.002471924,-0.0007553101,0.00188446,0.006652831999999999,0.01752472,0.01312256,0.01158142,0.01838684,0.01054382,0.00605011,0.003425598,-0.002990723,-0.01049805,-0.01113892,-0.01539612,-0.01423645,-0.01065063,-0.02333069,-0.005607605,-0.002426147,-0.0005950928,-0.001296997,-0.003639221,0.004051208,-0.01226044,-0.0005493164,-0.01275635,-0.02139282,-0.02539063,-0.02599335,-0.02822113,-0.03000641,-0.02198029,-0.02100372,-0.01254272,-0.007087708000000002,1
97,0.007461548,0.001403809,0.0029067990000000003,0.001289368,-0.00403595,-0.003791809,-0.002243042,-0.00693512,-0.01126862,-0.006774901999999999,-0.009231567,-0.003997803,-0.006080627,-0.001731873,0.000793457,-0.001098633,0.005592346,0.006103516,0.00756073,0.01130676,0.01053619,0.01631165,0.01678467,0.01565552,0.01851654,0.01984406,0.01713562,0.01781464,0.01435852,0.01476288,0.01590729,0.01522064,0.0138092,0.009986877,0.01122284,0.007377625,0.007766724,-0.0003509521,-0.0003662109,-0.009063721,-0.01426697,-0.01590729,-0.01372528,-0.01490021,-0.00868988,-0.01034546,-0.01260376,-0.0003738403,0.001052856,0.02506256,0
98,0.0,0.0,0.0,0.0,0.1157837,0.1004257,0.08117676,0.06212616,0.04838562,0.03547668,0.02059937,-0.0005722046,-0.01216125,-0.01722717,-0.02594757,-0.03386688,-0.04779816,-0.04116058,-0.04278564,-0.03372955,-0.02178192,-0.01374054,-0.0004577637000000001,0.009994507,0.02288818,0.0253067,0.02539063,0.02727509,0.02148438,0.01863861,0.01478577,0.006568909,-0.0006866455,0.001457214,0.002540588,0.003913879,0.01413727,0.01238251,0.01590729,0.01699066,0.01651001,0.01097107,0.01364136,0.00188446,0.00276947,0.0003204346,-0.002571106,-0.006462096999999999,0.003684998,0.006187439,0
99,0.0,0.0,0.03421021,0.0439682,0.04698181,0.05132294,0.03461456,0.02500153,0.017105099999999998,0.01808929,-0.0048675540000000005,-0.006462096999999999,-0.01079559,-0.006446838000000001,-0.01764679,-0.02374268,-0.01895905,-0.007545471,-0.01345825,-0.01247406,-0.01112366,-0.01508331,-0.01920319,-0.03665924,-0.02748108,-0.03794861,-0.04534912,-0.048172,-0.04141235,-0.04792786,-0.03653717,-0.01750946,-0.01551819,-0.001480103,0.01734161,0.0109024,0.02490997,0.02061462,0.01371002,0.01043701,0.01332855,0.0013427729999999998,-0.009170532,-0.02059937,-0.03487396,-0.03926849,-0.03535461,-0.04239655,-0.03562164,-0.01020813,0
100,0.06671906,0.014015200000000002,-0.04042816,-0.05768585,-0.09585571,-0.1257324,-0.1369476,-0.1554718,-0.1562119,-0.144371,-0.1383896,-0.1320724,-0.1088486,-0.106842,-0.08974457,-0.08432769999999999,-0.05284882,-0.04471588,-0.04438782,-0.01843262,-0.02767181,-0.0007400513,-0.002182007,0.007827759,0.01691437,0.02458954,0.02587128,0.03638458,0.03567505,0.03694916,0.04881287,0.05327606,0.04560089,0.03996277,0.03314209,0.04397583,0.02022552,0.01824951,0.005554199,0.005828857,-0.009742737,0.0066909790000000005,-0.001312256,-0.01094055,0.00138855,-0.01127625,0.01702118,-0.00881958,0.01023102,0.003471375,1
101,-0.04251099,-0.04182434,-0.0398407,-0.04508972,-0.03482056,-0.0462265,-0.04265594,-0.04457855,-0.02837372,-0.04153442,-0.04270172,-0.02866364,-0.04428101,-0.04497528,-0.04787445,-0.03592682,-0.03933716,-0.04560852,-0.04206085,-0.0266571,-0.04030609,-0.03684998,-0.03250885,-0.02668762,-0.01944733,-0.01927185,-0.01542664,0.01280212,-0.005500793,0.001937866,0.01454163,0.006866455,0.01442719,0.01462555,0.02281189,0.02616882,0.01989746,0.02840424,0.01423645,0.006355286,0.02079773,0.0138855,0.008712769,0.004486084,0.003982544,-0.01199341,-0.007713318,-0.005279541,-0.006889343000000001,-0.02323914,0
102,-0.03870392,-0.0233078,-0.03774261,-0.03655243,-0.02609253,-0.02601624,-0.02117157,-0.01972961,-0.005264282,-0.0006103516000000001,-0.00365448,0.002403259,0.0140686,0.0240097,0.02072906,0.01649475,0.02415466,0.03236389,0.03932953,0.02648163,0.02439117,0.02309418,0.02672577,0.01638031,0.01279449,0.01905823,0.005477905,0.004554749,0.008506775,0.006355286,-0.0002212524,-0.01916504,-0.01701355,-0.01390076,-0.02364349,-0.02726746,-0.01373291,-0.01533508,-0.02857208,-0.0142746,-0.01820374,-0.02282715,-0.01747894,-0.005737305,-0.002006531,-0.009735107,-0.01120758,-0.01991272,0.004646300999999999,0.0059432980000000005,1
103,-0.01166534,0.0102005,0.008224486999999999,0.0221405,0.01806641,0.03476715,0.04012299,0.03772736,0.0351944,0.03295135,0.03017426,0.005607605,0.008621216,0.004295349,0.004951477,1.525879e-05,0.006004333000000001,0.02256775,0.02096558,0.009719849,0.02046967,0.02396393,0.02288818,0.03572083,0.02365875,0.03926849,0.03836823,0.03090668,0.04498291,0.03791809,0.03643036,0.04451752,0.03100586,0.04401398,0.02606201,0.02953339,0.02192688,0.01768494,0.01066589,0.00390625,-0.0002441406,-0.009910583,-0.01620483,-0.00554657,-0.0238266,-0.01924133,-0.02390289,0.001716614,-0.0296936,-0.0009155273,1
104,-0.1115952,-0.08646393,-0.06720734,-0.03359985,-0.01519775,0.01670837,0.02696228,0.03238678,0.036987300000000015,0.03960419,0.03702545,0.04351044,0.03188324,0.03879547,0.03592682,0.03961945,0.02902222,0.03664398,0.03093719,0.03028107,0.02032471,0.006317139,-0.00302124,-0.0002746582,-0.01052856,-0.03009796,-0.03639221,-0.03027344,-0.04647064,-0.02682495,-0.04063416,-0.03579712,-0.03735352,-0.03504944,-0.04434204,-0.03755951,-0.03699493,-0.03764343,-0.04866791,-0.03676605,-0.03678131,-0.03174591,-0.01433563,0.003913879,0.02468872,0.033248900000000005,0.03535461,0.03523254,0.01893616,0.01842499,0
105,0.0,0.0,0.0,0.0,0.0,0.0,0.0,0.1447601,0.12869260000000002,0.1215515,0.125618,0.1031265,0.08692169,0.08883667,0.06086731,0.05914307,0.04238129,0.01722717,0.008583069,0.004562378,-0.005111694,0.004112244,0.009017944,0.02315521,0.005744934,0.0227356,0.01010132,0.0105896,0.01261902,0.01580811,0.007362365999999999,0.005744934,0.01027679,0.01083374,-0.004615784,0.009490967,-0.004608154000000001,0.000541687,0.001502991,-0.002799988,0.003967285,0.01794434,0.006004333000000001,0.02029419,0.01322937,0.03160095,0.01186371,0.00969696,0.008796692,0.0004806519,0
106,0.0353775,0.02537537,0.02458191,0.01691437,0.0039443970000000005,-0.007209778000000002,-0.01816559,-0.01768494,-0.01833344,-0.01525879,-0.01961517,-0.01435089,-0.00617981,-0.003662109,0.002281189,0.02095795,0.01268768,0.02553558,0.01990509,0.02457428,0.02340698,0.03020477,0.01072693,0.01960754,0.01916504,0.02690887,0.01805878,0.007766724,0.006408690999999999,0.01165771,0.01045227,0.01171112,-0.01145172,-0.006080627,0.001525879,0.01313782,0.002388,0.02001953,0.02211761,0.02898407,0.02002716,0.02946472,0.03744507,0.03305817,0.033508300000000005,0.01953125,0.02339935,0.01415253,0.01430511,0.01397705,1
107,0.0,0.0,0.0,0.0,0.0,0.0,0.0,0.0,0.0,0.0,0.0,0.0,0.0,0.0,0.03081512,0.02256012,0.01790619,0.01944733,0.02059937,0.01696777,0.02368927,0.01499939,0.02219391,0.01096344,0.01372528,0.01615906,0.02213287,0.007789612,-0.007522583,-0.007324219,-0.004051208,-0.01396179,-0.02941132,-0.04123688,-0.02214813,-0.02880859,-0.01929474,-0.02215576,-0.03047943,-0.02030182,-0.01856232,-0.01190186,-0.004585266,-0.001213074,-0.006698608000000001,0.001838684,0.001998901,0.0004196167,0.002151489,0.001335144,1
108,-0.004203796,0.009552002,-0.02519989,-0.02227783,-0.02635956,-0.0308075,-0.02909851,-0.0342865,-0.02341461,-0.02249908,-0.03055573,-0.02157593,-0.03003693,-0.02340698,-0.01137543,-0.01148224,-0.01647186,-0.01831818,-0.01264191,-0.01499939,-0.008583069,-0.009269714,-0.02192688,-0.01150513,0.001152039,0.001373291,0.004669189,0.004554749,0.006721497,-0.0004119873000000001,0.0139389,0.01049805,-0.006057739,0.00390625,-0.003730774,0.01065826,0.01283264,0.007743835,0.0165863,0.02233124,0.03091431,0.02363586,0.01559448,0.01901245,0.01446533,0.01040649,0.006271362,0.006362915,0.017753599999999998,0.01467133,0
109,-0.01976013,-0.01683044,-0.004570007,0.002555847,0.001670837,0.009140015,0.01179504,0.01504517,-0.00617218,-0.001808167,-0.008964539,-0.01117706,-0.02610016,-0.007751465,-0.01578522,-0.01430511,-0.01311493,0.005645752,0.01184082,0.00453186,0.006660461,0.00340271,0.007019043000000001,-0.01548767,-0.002593994,0.0015411379999999998,-0.00289917,-0.009819031,-0.00239563,0.002044678,0.002258301,0.001159668,0.01125336,0.00831604,0.007949829,0.0199585,0.01556396,0.01567078,0.01226044,0.01337433,0.004173279,0.009635925,0.007545471,0.01122284,-0.0005111694,0.0072860719999999985,0.005134583,0.01854706,0.009536743,0.02768707,0
110,0.0,0.0,0.0,0.0,0.0,0.0,0.0,0.0,-0.003868103,0.002700806,-0.007148743000000002,-0.02117157,-0.04853821,-0.03665161,-0.05651093,-0.0645752,-0.05561829,-0.06199646,-0.04283142,-0.03804779,-0.02659607,-0.01675415,0.01638794,0.02661896,0.03115082,0.03315735,0.01446533,0.02150726,0.0005722046,-0.0004501343,-0.003509521,-0.01744843,-0.01098633,-0.01475525,-0.01056671,-0.01451111,-0.01489258,-0.009338379,-0.001068115,0.0008621216000000001,-0.006065369,-0.00692749,-0.01259613,-0.01463318,-0.03250885,-0.02913666,-0.03675842,-0.04470825,-0.04855347,-0.04157257,1
111,0.04059601,0.03263855,0.02302551,0.02242279,0.02161407,0.0428772,0.04457092,0.06549835,0.06830597,0.07753754,0.0734787,0.08551788,0.07700348,0.08891296,0.07756805,0.07186127,0.05965424,0.0480423,0.03718567,0.04123688,0.04253387,0.03708649,0.03536987,0.03048706,0.0271225,0.03189087,0.02690125,0.04113007,0.03223419,0.03268433,0.02375031,0.02334595,0.02903748,0.02256012,0.02883148,0.01573181,0.01842499,0.02639008,0.006652831999999999,0.01499939,0.008773804,0.003807068,0.0068206790000000005,0.01412964,0.01384735,0.003677368,0.01198578,-0.007240295,0.005073547,0.004173279,0
112,-0.0114212,-0.01128387,-0.02477264,-0.01560974,-0.03359985,-0.03230286,-0.0270462,-0.03804779,-0.0255661,-0.02519989,-0.0326767,-0.03472137,-0.04541016,-0.03390503,-0.04384613,-0.0182724,-0.03138733,-0.02813721,-0.005363464,-0.006469727,0.00015258790000000002,-0.01291656,-0.00528717,-0.0061340330000000005,-0.01750183,-0.00016784669999999995,-0.0114975,-0.01366425,-0.006286621,-0.0305481,-0.02754211,-0.02245331,-0.02360535,-0.01944733,-0.03192902,-0.005455017,-0.0403595,0.0004501343,-0.006614685,-0.01688385,-0.0003433228,-0.01189423,-0.01212311,-0.01232147,-0.00756073,-0.00994873,-0.01821899,-0.02597809,-0.02518463,-0.009468079,0
113,0.06472015,0.03620911,0.03361511,0.02394104,0.01412964,0.01651764,0.001556396,-0.004745483,-0.002693176,-0.0182724,-0.01960754,-0.02513123,-0.02229309,-0.01860046,-0.01732635,-0.007415771,-0.00592041,-0.0029678340000000004,0.00226593,0.0004348755000000001,0.01152039,0.008735656999999999,0.0128479,0.02119446,0.01082611,0.01890564,0.01838684,0.01181793,0.004989624000000001,0.009735107,-0.002571106,-0.02320862,-0.003509521,-0.02565765,-0.01579285,-0.02731323,-0.02771759,-0.038414,-0.0446701,-0.04250336,-0.03450012,-0.02604675,-0.01473236,-0.01023865,-0.02171326,-0.01206207,-0.01593781,-0.0005111694,-0.01451874,-0.01190186,1
114,0.0,0.0,0.0,0.0,0.0,0.0,0.0,0.0,0.0,0.0,0.0,0.0,0.0,0.0,0.0,0.0,0.0,0.0,0.0,0.0,0.0,0.0,0.0,0.0,0.0,0.0,0.0,0.0,0.0,0.0,0.0,0.0,0.0,0.1233444,0.101059,0.0760498,0.05394745,0.03755188,0.02217865,0.006835938000000001,-0.002029419,-0.007598876999999999,-0.006782531999999999,-0.01686096,-0.01631165,0.005622864,0.007614136,-0.004714966,0.01119995,-0.004890442,0
115,0.0,0.0,0.0,0.0,0.0,0.0,0.0,0.0,0.0,0.0,0.0,0.0,0.0,0.0,0.0,0.0,0.0,0.0,0.0,0.0,0.0,-0.04991913,-0.04343414,-0.04096222,-0.03500366,-0.03211212,-0.01990509,-0.01578522,0.0005950928,0.003883362,0.008575439,0.01302338,0.02046204,0.01739502,0.01311493,0.02438354,0.01329041,0.01142883,0.00100708,-0.0100174,-0.008674622,-0.005935669,-0.01850128,-0.01290894,-0.01630402,-0.01213074,-0.01399994,-0.01704407,-0.00177002,-0.01573181,0
116,0.08618927,0.07913971,0.08512878,0.09229279,0.08565521,0.08976746,0.09804535,0.09037781,0.09900665,0.09378815,0.09333038,0.08786774,0.08803558,0.08370972,0.08261871,0.08554077,0.07466125,0.080513,0.07328033,0.05718994,0.06789398,0.05725098,0.05184937,0.0528717,0.04249573,0.03970337,0.03793335,0.02693176,0.02794647,0.02270508,0.01963043,0.01691437,0.01623535,0.005256653000000001,0.008125305,0.01067352,-0.004447937,-0.002510071,-0.005355835,-0.008499145999999999,-0.007835388,-0.009963989,-0.01222229,-0.01258087,-0.01174927,-0.018013,-0.01553345,-0.004203796,-0.003753662,0.001174927,1
117,0.00982666,0.02013397,0.01268768,0.01293945,0.01443481,0.006317139,0.01534271,0.007301330999999999,0.007362365999999999,0.008934021,0.001953125,-0.0005722046,8.392334000000001e-05,0.001571655,-0.007858275999999999,-0.005805969,-0.009315491,-0.01156616,-0.009536743,-0.01933289,-0.02053833,-0.0158844,-0.02588654,-0.01881409,-0.01474762,-0.02120972,-0.01798248,-0.01656342,-0.01704407,-0.01729584,-0.01849365,-0.009429932,-0.01091003,-0.0149231,-0.008766174,-0.007720947,-0.01234436,-0.01502228,-0.01151276,-0.01012421,-0.009208679,-0.01221466,-0.008872986,-0.00201416,-0.005966187,-0.01677704,-0.009025574,-0.005233765,-0.01228333,-0.01469421,1
118,0.0009918213,-0.001274109,-0.005187988,-0.01779175,-0.003730774,-0.006286621,-0.01219177,-0.00428009,-0.01125336,0.006401062,-0.0003509521,0.003074646,0.007858275999999999,0.0109024,0.01646423,0.01486206,0.01073456,0.01123047,0.002311707,-0.01803589,-0.01913452,-0.02848053,-0.05484009,-0.05621338,-0.05562592,-0.06038666,-0.06177521,-0.07152557,-0.06497192,-0.06380463,-0.05671692,-0.05204773,-0.0542984,-0.04779053,-0.04178619,-0.02619934,-0.01659393,-0.01950073,-0.006332396999999999,-0.0009155273,5.340576e-05,0.008857727,-0.002166748,-0.0034179690000000003,0.00188446,-0.0004043579,-0.0242157,-0.02082825,-0.03160095,-0.03338623,1
119,-0.04206848,-0.03820801,-0.04875946,-0.03300476,-0.05110168,-0.0422287,-0.04782867,-0.04098511,-0.03913116,-0.03992462,-0.04718018,-0.03793335,-0.03346252,-0.02072906,-0.01266479,-0.01156616,9.155273e-05,0.0178833,0.008377075,0.001472473,0.006507874,-0.001960754,0.001144409,-0.01997375,-0.02359772,-0.033325199999999985,-0.03158569,-0.05046082,-0.04929352,-0.04941559,-0.06951904,-0.06239319,-0.05647278,-0.07519531,-0.06214142,-0.05710602,-0.05780029,-0.05418396,-0.03801727,-0.03691101,-0.01731873,-0.03382111,-0.03027344,-0.04177856,-0.04969788,-0.06411743,-0.06003571,-0.06993866,-0.07363129,-0.06006622,0
120,0.0,0.0,0.0,0.0,0.0,0.0,0.0,0.0,0.0,0.0,0.0,0.0,0.0,0.0,0.0,0.0,0.0,0.0,0.0,0.0,0.0,-0.01791382,-0.01177216,-0.01321411,-0.0228653,-0.01836395,0.0007095337,0.004119873,0.01547241,0.01683044,0.02354431,0.02848053,0.02993011,0.00995636,0.00868988,-0.009361267,-0.005081177,-0.03042603,-0.037117,-0.03712463,-0.0304718,-0.01889801,-0.02631378,-0.00969696,-0.0161438,0.001976013,-0.01093292,0.004440308,-0.001441956,-0.015106200000000004,1
121,0.0,0.0,-0.03033447,-0.04699707,-0.06196594,-0.07219696,-0.07079315,-0.06543732,-0.06595612,-0.04608154,-0.03643036,-0.01796722,0.0015411379999999998,0.003570557,0.00025177,-0.001197815,-0.02571106,-0.04364777,-0.06134796,-0.06612396,-0.09492493,-0.08841705,-0.09445953,-0.08509064,-0.0568924,-0.05127716,-0.01969147,-0.01244354,0.007453918,0.00017547610000000002,0.001800537,-0.004631042,-0.02915192,-0.03966522,-0.04940033,-0.0587616,-0.05136108,-0.06594849,-0.07347107,-0.054115300000000005,-0.05075836,-0.03204346,-0.03054047,-0.04343414,-0.02878571,-0.03038788,-0.04936218,-0.06282806,-0.05274963,-0.06241608,0
122,0.0,0.0,0.0,0.0,0.0,0.0,0.0,0.0,0.0,0.0,0.0,0.0,0.0,0.0,0.0,0.0,0.0,0.0,0.0,0.0,0.0,0.0,0.0,-0.03773499,-0.03405762,-0.0397644,-0.0559082,-0.05605316,-0.05577087,-0.0683136,-0.06346893,-0.04366302,-0.02825928,-0.01818085,-0.006790160999999999,-0.00769043,-0.005363464,-0.003204346,-0.008728027,-0.02518463,-0.03502655,-0.04340363,-0.04627991,-0.0485611,-0.04161835,-0.04170227,-0.02818298,-0.03882599,-0.03672791,-0.0269928,0
123,0.0,0.0,0.0,0.0,0.0,0.0,0.0,0.0,0.0,0.0,-0.01813507,0.0009536743,-0.00982666,0.008735656999999999,-0.007270813,0.0111618,0.02207947,0.01673126,0.02650452,0.04647064,0.06005096,0.0508194,0.05130768,0.03276825,0.02987671,0.01848602,0.00630188,-0.02471161,-0.02979279,-0.02630615,-0.04521179,-0.02024841,-0.03798676,-0.02940369,-0.02017212,-0.0003967285,-0.0002593994,0.008621216,0.01786041,0.01287842,0.02506256,0.006271362,0.006340027,-0.00202179,-0.001235962,-0.01239777,0.01056671,-0.00818634,0.0017395020000000002,0.007637024,0
124,0.0,0.0,0.0,0.0,0.0,0.0,0.0,0.0,0.0,0.0,0.0,0.0,0.0,0.0,0.0,-0.12527470000000002,-0.04626465,0.02037811,0.04658508,0.08546448,0.09643555,0.09160614,0.08289337,0.07669067,0.04165649,0.004966735999999999,-0.01630402,-0.02236176,-0.0226059,-0.03960419,-0.02996826,-0.01482391,-0.01296234,-0.01261902,0.01046753,0.001914978,0.009803772,0.01786804,-0.002838135,0.002708435,-0.004257202,-0.02171326,-0.008728027,-0.02171326,-0.02383423,-0.01686096,-0.02954865,-0.03127289,-0.02916718,-0.03352356,0
125,0.0,0.0,0.0,0.0,0.0,0.0,0.0,0.0,0.0,0.0,0.0,0.0,0.0,0.0,0.0,0.0,0.0,0.0,0.0,0.0,0.0,0.0,0.0,0.0,0.0,0.0,0.0,0.0,0.0,0.0,0.0,0.0,0.0,0.0,0.0,0.0,0.0,0.0,0.0,-0.0435791,-0.03308105,-0.01599121,-0.005104065,0.01522827,0.02043152,0.019233700000000003,0.03121185,0.0340271,0.01929474,0.03259277,0
126,-0.006248474,0.00352478,-0.005851746,-0.0001449585,-0.01892853,-0.01643372,-0.03543854,-0.02996063,-0.02859497,-0.02597046,-0.03439331,-0.047966,-0.04772186,-0.05826569,-0.05393982,-0.0614624,-0.05819702,-0.07298279,-0.06769562,-0.05925751,-0.04439545,-0.03690338,-0.02178192,-0.005371094,0.007659912,0.01369476,0.02044678,0.006187439,0.005607605,-0.00302887,-0.01755524,-0.01860046,-0.01542664,-0.02718353,-0.01633453,-0.01629639,0.001289368,0.0026626590000000004,0.01373291,0.01150513,0.008239746,0.0030975340000000003,-0.002120972,-0.009643555,-0.01831818,-0.01171875,-0.01590729,0.001243591,0.00032806400000000004,0.02172852,0
127,0.0009460449,-0.0034408570000000003,0.01317596,0.01509857,0.003128052,0.0136795,-0.0003204346,-0.007064819,-0.003067017,-0.01435852,-0.01689148,-0.01748657,-0.01623535,-0.005310059000000001,-0.0148468,-0.01836395,-0.01644897,-0.02378082,-0.03110504,-0.02548218,-0.01738739,-0.0129776,0.001197815,0.01595306,0.03090668,0.03799438,0.04231262,0.02656555,0.03292084,0.01622772,0.006484985,0.0004959106,-0.00642395,-0.009422302,-0.007255554,-0.00642395,0.0009689331,0.01740265,0.02216339,0.03479767,0.03289032,0.04773712,0.02997589,0.02085114,0.02513123,0.01091003,0.01096344,0.001396179,-0.003990173,-0.0102005,0
128,-0.01203156,-0.01378632,-0.001899719,0.006225586,0.01131439,0.01845551,0.01261902,0.0174408,0.008834839,0.003082275,-0.01785278,-0.02364349,-0.02225494,-0.03089142,-0.03640747,-0.02748871,-0.02814484,-0.0306015,-0.02406311,-0.02449799,-0.0298233,-0.03484344,-0.03466797,-0.04614258,-0.04608154,-0.05266571,-0.05393219,-0.05679321,-0.05930328,-0.0461731,-0.04367828,-0.0353775,-0.02549744,-0.02116394,-0.01696014,-0.01368713,-0.0219574,-0.01408386,-0.01681519,-0.01741028,-0.01441956,-0.03297424,-0.02609253,-0.01145935,-0.01141357,-0.01407623,-0.00756073,-0.009490967,-0.014015200000000002,-0.004631042,0
129,0.0,0.0,0.0,0.0,0.0,0.0,0.0,0.0,0.0,0.0,0.0,0.0,0.0,0.0,0.0,0.0,0.0,0.0,0.0,0.0,0.0,0.0,0.0,0.0,0.0,0.0,0.0,-0.07221985,-0.04945374,-0.05141449,-0.04724121,-0.03608704,-0.04269409,-0.03063965,-0.03516388,-0.02219391,-0.02505493,-0.04692841,-0.02285004,-0.014328,-0.04118347,-0.02383423,-0.02320862,-0.03174591,-0.0114212,-0.01299286,-0.01032257,0.007568359,-0.0007095337,0.01076508,0
130,0.0,0.0,0.0,0.0,0.0,0.0,0.0,0.0,0.0,0.0,0.0,0.0,0.0,0.0,0.0,0.0,0.0,0.0,0.0,0.0,0.0,0.0,0.0,0.0,0.1063004,0.08976746,0.07281494,0.07146454,0.05789948,0.04498291,0.02696228,0.03612518,0.02771759,0.02111816,0.002388,0.01313019,0.009857178,0.0048675540000000005,0.01415253,0.0006256104,-0.009040833,8.392334000000001e-05,0.002098083,0.008079529,-0.009651184,-0.008979797,-0.02484131,0.007637024,-0.01118469,-0.01435089,0
131,-0.1071014,-0.108223,-0.09223938,-0.08227539,-0.06579589999999999,-0.05489349,-0.02232361,-0.01712799,0.00617981,0.02021027,0.004135132,-0.002761841,-0.01134491,-0.01109314,-0.02616119,-0.03366089,-0.04020691,-0.07321167,-0.05597687,-0.06060791,-0.04357147,-0.04472351,-0.040802,-0.02986908,-0.02191925,-0.01002502,-0.0157547,-0.002288818,-0.01594543,-0.01730347,-0.0070953369999999984,-0.02050018,-0.02404785,-0.02935791,-0.04950714,-0.04122925,-0.0364151,-0.04935455,-0.04975891,-0.0303421,-0.02688599,-0.02243805,-0.02487183,-0.008895874,-0.02070618,-0.01861572,-0.003753662,-0.02913666,-0.03002167,-0.02346039,1
132,0.03612518,0.03125,0.03833008,0.047966,0.0414505,0.06020355,0.0608139,0.04872131,0.05856323,0.056762699999999985,0.06040955,0.05573273,0.05988312,0.04728699,0.05666351,0.05279541,0.06050873,0.05232239,0.05593109,0.04684448,0.04483032,0.04453278,0.04371643,0.03834534,0.04499054,0.04277802,0.05413818,0.04951477,0.04666901,0.05684662,0.05580902,0.05000305,0.04652405,0.05135345,0.03956604,0.04083252,0.025177,0.01854706,0.01959229,0.01802826,0.02854919,0.02375031,0.03744507,0.03147125,0.03713989,0.04003143,0.03792572,0.05234528,0.03123474,0.04459381,1
133,-0.01350403,-0.01387787,-0.009147644,-0.008102416999999999,-0.002708435,-0.0004425049,0.006240845,0.008682251,-0.0007247925,0.003677368,0.001937866,0.01152802,0.01595306,0.008590698,0.007385254,0.008926392,0.01008606,0.0076675419999999985,0.01132965,0.004226685,0.006729125999999999,0.01009369,0.008369446,0.0001220703,0.01419067,0.01076508,0.001358032,0.0138092,0.01132965,-0.005935669,0.01248169,0.01633453,0.006065369,0.007415771,0.01107025,0.003974915,0.004165649,0.004020691,0.0054245,0.004981995,0.008262634,-0.006011963,0.006797791,-0.004234314,-0.002426147,-0.009536743,-0.009117126,-0.01403809,-0.02775574,-0.0005569458,1
134,-0.004966735999999999,-0.002059937,0.008171082,0.003890991,0.001937866,-0.002723694,0.004631042,0.001708984,-0.0004196167,0.009803772,0.01271057,0.002616882,0.007415771,0.01087189,0.01135254,0.01583862,0.01747894,0.01109314,0.01448059,0.0100174,0.02436829,0.01374054,0.005493164,0.01599884,0.01016998,0.01224518,0.01161194,0.01516724,0.008110046,0.01258087,0.02142334,0.01096344,0.008903503,0.02025604,0.0127182,0.006599425999999999,0.01143646,0.01740265,0.008460999,0.02081299,0.03023529,0.02389526,0.01931763,0.03411102,0.03288269,0.03378296,0.0308075,0.02975464,0.02414703,0.04152679,1
135,0.04646301,0.0390625,0.03478241,0.03003693,0.02775574,0.0240097,0.02631378,0.02674103,0.03897858,0.03566742,0.043449400000000006,0.03980255,0.04753876,0.05215454,0.04940796,0.04705811,0.04416656,0.04569244,0.03549194,0.03083801,0.03380585,0.01843262,0.02603912,0.02713776,0.02043915,0.01930237,0.01852417,0.03357697,0.02910614,0.02462006,0.03312683,0.02268219,0.02587128,0.02596283,0.02617645,0.02067566,0.01578522,0.02719116,0.02330017,0.02796936,0.02916718,0.02449036,0.03170013,0.0461731,0.02799988,0.02909851,0.03405762,0.016197200000000002,0.006942749000000001,0.003990173,1
136,0.005744934,0.01326752,0.01081848,0.014144899999999997,0.01644897,0.01268005,0.01889801,0.01042175,0.01062775,0.01187897,0.003395081,0.001502991,-0.002990723,-0.006698608000000001,-0.0070953369999999984,-0.0113678,-0.01366425,-0.006546021,-0.01593018,-0.006607056,-0.01420593,-0.01898956,-0.01280212,-0.01443481,-0.01197052,-0.01808167,-0.01333618,-0.01459503,-0.01330566,-0.007087708000000002,-0.0002441406,-0.003700256,0.008987427,0.002365112,0.008071899,0.01017761,0.003326416,0.01200867,0.00239563,0.007270813,-0.000579834,0.0003738403,-0.009597778,0.004981995,-0.005233765,0.002738953,-0.0006790161,-0.001708984,0.00328064,0.0002975464,0
137,0.01087952,-0.005462646,0.0034179690000000003,0.01355743,0.0120697,0.00478363,0.01148987,0.009918213,0.001480103,0.00982666,0.00933075,0.0023040770000000003,0.007507324,0.00693512,0.007881165,0.005470276,0.009605408,0.01064301,0.002090454,-0.0008316039999999999,0.01119232,0.009963989,0.002593994,0.01040649,0.007270813,-0.0003204346,0.002502441,0.01293182,0.0109787,0.01307678,0.01276398,0.00604248,0.006156921,0.009872437,0.0007171631,-0.0002212524,0.01239777,0.00945282,-0.00302887,0.003471375,0.009521484,-0.001922607,-0.003494263,0.008224486999999999,-0.005279541,-0.001976013,0.01084137,0.005767822,0.001304626,0.00819397,0
138,-0.01747894,-0.0316391,-0.03404236,-0.02883911,-0.0349884,-0.03025818,-0.03643799,-0.03013611,-0.03084564,-0.03051758,-0.03025818,-0.02225494,-0.03240204,-0.01787567,-0.02851868,-0.02126312,-0.007423401,-0.01180267,-0.009017944,0.001060486,-0.002372742,0.01376343,0.007553100999999999,0.00378418,0.005760193,-0.0026474,-0.0004272461,-0.00642395,-0.007537841999999999,0.001228333,-0.01490784,-0.005088806,-0.01286316,-0.007240295,0.001731873,-0.006080627,-0.0004196167,0.002861023,0.0003433228,0.01174927,0.005172729,0.00491333,0.02203369,0.003051758,0.01854706,-0.002197266,0.001274109,0.009407043,-0.01037598,-0.001594543,0
139,0.01670074,0.007102966,0.005653381,0.01329803,0.01304626,0.01490784,0.01660156,0.01717377,0.02017212,0.0229187,0.02809143,0.02934265,0.02261353,0.02338409,0.01873779,0.01230621,0.01226807,0.005340576,0.0005187988,-0.004043579,-0.004135132,-0.009338379,-0.01189423,-0.02159119,-0.02017212,-0.01700592,-0.02439117,-0.01527405,-0.01769257,-0.01650238,-0.0006408691,-0.006797791,-0.005134583,0.004119873,-0.002456665,0.005584717,-0.01610565,-0.002845764,-0.01104736,-0.01520538,-0.007026671999999999,-0.01507568,-0.0112915,-0.0032501220000000003,-0.0123291,0.01184082,0.004905701,0.01307678,0.01033783,0.0062637330000000005,0
140,-0.03478241,-0.02085876,-0.01945496,-0.013107299999999995,-0.001106262,-0.005340576,9.918213e-05,0.001327515,-0.008621216,-0.004570007,-0.0103302,-0.0219574,-0.01078796,-0.03044128,-0.02664948,-0.02416229,-0.04099274,-0.01529694,-0.0253067,-0.02101135,-0.02082825,-0.01776886,-0.01042175,-0.0118103,-0.003547668,-0.0044174190000000006,-0.006950378,-0.005371094,-0.01837921,-0.003379822,-0.01530457,-0.008758545,-0.004798889000000001,-0.001060486,0.001182556,-0.002151489,0.01004791,0.01293945,0.01412964,0.01576233,0.009712219,0.01824188,0.006813049,0.02088165,0.007003784,-0.002937317,0.008590698,-0.01412201,-0.004249573,-0.02294922,0
141,0.01475525,0.0217514,0.02266693,0.01638031,0.02611542,0.02567291,0.01573944,0.02740479,0.01958466,0.01499176,0.01429749,0.001075745,0.006523131999999999,-0.007774353,-0.02175903,-0.01890564,-0.03138733,-0.03219604,-0.03813171,-0.04793549,-0.05735779,-0.051261900000000006,-0.04776764,-0.03871918,-0.04048157,-0.02613068,-0.01902771,-0.01363373,-0.01042175,-0.006439209,-0.01222229,-0.01184845,-0.007644653,-0.006980896,-0.007919312,-0.01049805,-0.003753662,-0.003700256,0.00554657,-0.002349854,0.002685547,-0.0079422,-0.006874084,-0.0028152470000000003,-0.01790619,-0.009086609,-0.01119995,-0.02424622,0.0169754,0.003105164,0
