,0,1,2,3,4,5,6,7,8,9,10,11,12,13,14,15,16,17,18,19,score
0,0.014718118209081619,0.01537358144716855,0.021759152980236066,0.022401398735817726,0.012277977227283816,0.013325764801710256,0.007416257947846748,0.01517715159932851,0.017702159196504818,0.007258514255920424,0.012472125776486546,0.024402287944709205,0.006194504405680894,0.00865175325177504,0.008478965258001712,0.019432214234373805,0.016851743930655964,0.018375047827730955,0.015938507258366454,0.016036708346353373,0
1,0.00642152956119685,0.015154917239962087,0.0174708836134009,0.014699081191982717,0.015173519046855943,0.02036116790656175,0.033155174572763145,0.02097342503604025,0.0029763560088134594,0.03792970697628068,0.002595606054110678,0.015923890232559374,0.009163175965497775,0.011631764529474285,0.019518805028280833,0.012296144645907352,0.025069821282469505,0.018830745459064664,0.022580106197417436,0.024706628664035103,1
2,0.011670714095177764,0.0192318876794167,0.023402476116346348,0.00422439506761619,0.014665483197835122,0.02256099728511185,0.025648565213072346,0.014390946896463242,0.023798144513436332,0.02702881627713019,0.021351971647146733,0.019199771632112984,0.022495386522860993,0.0007487016711614848,0.009754229748275412,0.02000032202102006,0.017971019194083015,0.016920748510753016,0.02334260145866995,0.013994306632088708,1
3,0.0224115365566576,0.008690574337809901,0.02553148598210423,0.003670473633144039,0.039361114002541595,0.01766147492505935,0.010798985976571319,0.021269413229875054,0.03175370098435299,0.03205265248446711,0.028347638973394592,0.006448916085110814,0.01782844026643657,0.01539874918943292,0.033503706869388195,0.016239865360342772,0.011683893200631415,0.015952926720464177,0.04009124641362571,0.01386210471672051,0
4,0.0061782031090358265,0.01956574112148323,0.008584767190192166,0.02103885236448985,0.019381777322020805,0.014888792572629926,0.02476350910178321,0.0299738440254983,0.023932624460489074,0.023709288691507728,0.012688976364799053,0.010461684475756714,0.023416679880242843,0.010351388753233548,0.013588746283421441,0.008019691443017243,0.006921136412815745,0.02569585138183837,0.014218858408266994,0.005897111364836262,1
5,0.015810029777356523,0.015913879999852335,0.034530969554731596,0.0059826818448752575,0.012596965393399311,0.022189750859850258,0.01683016218496795,0.008559353032864108,0.005954063076530182,0.013365334940120283,0.007740655416229301,0.0150609643983644,0.012048453338416512,0.022495236022100323,0.007202022167537389,0.011255375156361337,0.01556349268696574,0.005943180777504584,0.015497869812400021,0.015606718735137763,0
6,0.009837586042054423,0.01051184921636574,0.011242496396686504,0.012438655117142532,0.00511268195322582,0.012132825411136722,0.0013005962634115174,0.019282629469162784,0.0036001090333766276,0.010612606874717448,0.002953024407648892,0.00656512660049313,0.00620497164894179,0.009003548256370229,0.007987792132058144,0.010198465115989505,0.0014427914421421425,0.011240732487787503,0.003721857938677536,0.006473992192154853,1
7,0.013528259858886877,0.019030652453814505,0.016310055534897606,0.015189636405406222,0.01146025895857899,0.016442600387345303,0.008779327641415143,0.007554751880217443,0.006540470081920719,0.01180307256719639,0.005851009003471351,0.008891260734373007,0.01342674527864158,0.0072675543537922705,0.017290215787959067,0.01571401324889971,0.0073824246228694984,0.009213409575300488,0.006121586766275964,0.008129315918166055,1
8,0.011140921057057402,0.006964913260335694,0.009424055605245545,0.01134988855415215,0.010529694445752023,0.00831771922477364,0.010959600137793806,0.0061839591030213815,0.00544083649602375,0.00911853372924858,0.003997601094457024,0.005609905396361778,0.0054086045997751575,0.00952090349790927,0.007387908376478215,0.00317363735833129,0.00975679243126178,0.01646137132885945,0.01859683386072105,0.003910394698851767,1
9,0.023020666931290783,0.019834162976750214,0.007532705334207626,0.02690710582051619,0.006997865772196617,0.028793174136829202,0.011700768061648091,0.0074250502701388495,0.016427276672985817,0.017750552455229548,0.013828445699486944,0.006735419852308317,0.012787108137638824,0.000770249711224224,0.030789589736655493,0.004514023568297356,0.011950970776656975,0.015493692332946623,0.006661090584560159,0.013411624600511938,1
10,0.0139258027962576,0.007992467325673342,0.014628320107544819,0.007810941297525928,0.008525937959117748,0.01580891521613868,0.004816471897958506,0.019104636639671428,0.0129362163666273,0.017463342817917192,0.01070015942805059,0.014255428737488043,0.01738024605746708,0.013791497518949857,0.0072230248208420235,0.02139419546964316,0.002833630776795031,0.004659694408059394,0.006007031922172542,0.0013120379394285875,0
11,0.01563733024193069,0.010415104399716796,0.010030757987570036,0.003574166274881458,0.012931927991111772,0.012090579102710509,0.008180865169920908,0.004042565303953537,0.007860055818362927,0.010573366935064917,0.02144765693892925,0.01282483464999826,0.007182564208961935,0.0012531497170334442,0.010888674621731011,0.02023796284925442,0.007190934611969226,0.004067328224348019,0.00675652304160609,0.009935845127529012,1
12,0.004289621948972428,0.0027110373082884706,0.011940890848030726,0.011637497227461968,0.013416553189493195,0.004730303615921795,0.018981010619204784,0.004902154963915151,0.011885606720083961,0.01220340738173179,0.012512705111789577,0.01022597216760079,0.001865825976600444,0.010175378097124942,0.009086921264987608,0.018338192777054122,0.017177150278448402,0.01077086510279467,0.004853933813650533,0.024175126880401722,1
13,0.010114515761824688,0.014866164332581018,0.008369667759749129,0.010761570141666132,0.022007384517355167,0.011897563144586542,0.007269552160869402,0.008606057000724839,0.01678615547666636,0.019987102273570024,0.01206349238172798,0.017299948715712086,0.007495234640403131,0.018906905749189448,0.01968165696890473,0.018197317566705392,0.018765817970002922,0.02322419627627983,0.005344396431992111,0.021337072475941774,1
14,0.0049634556580269735,0.011685533965159658,0.0031263874811193787,0.007920629514028542,0.00487604715031551,0.004610608029414345,0.014773122306272968,0.0021450397512633654,0.011603004198435162,0.01621983219166749,0.029312682789117153,0.004365839771696278,0.014464350172673538,0.01308678029079655,0.008970865787075684,0.004610839653492192,0.010542537068247333,0.010543256222160447,0.011116100156566285,0.007000197446233214,1
15,0.003881076167708641,0.011281975674031077,0.013048007612280314,0.000280431659270133,0.009415510414546044,0.006209475059828298,0.008820968733480254,0.008670446967112711,0.009271771306655541,0.0033206606161247927,0.0016574893996028565,0.0045680201657304935,0.005727381869258167,0.005380392270060984,0.003790145049161311,0.011019709366308807,0.0028021046083579757,0.006778572551772018,0.0027805478343010032,0.0022163232028792647,1
16,0.0031078690909367456,0.009097198683236562,0.009611148604510402,0.0025436330762139757,0.002897914936740896,0.004250639555316826,0.011780681522373356,0.01130806267687463,0.009714599424928905,0.0020237043800271307,0.003495564045466197,0.007396944166781576,0.008511608399430158,0.009589968787496541,0.0038416859134486887,0.0036095440592380924,0.008217471391088867,0.011092490422211325,0.014012291552633506,0.007929532855808271,1
17,0.009996560156947238,0.013096925237380909,0.00898899744011027,0.0034547365000244224,0.007497337466383116,0.009884908434208686,0.010948521293796573,0.015956518918423278,0.014100295626266137,0.017744239604564633,0.007153148763649477,0.01012250249148401,0.015423271016567786,0.004288298627707724,0.005534164898853299,0.024046937404378216,0.011314620823427358,0.02729596004826656,0.011543755710569242,0.029496534151269366,0
18,0.01624210781605947,0.014809409835223006,0.009543404257528297,0.012908719281137423,0.014900256854536064,0.01147359211407221,0.010678610424381067,0.0172366808718181,0.01812116865049548,0.017474842219631054,0.00945556928526781,0.004639315329065265,0.003255458010434167,0.028084286434404915,0.005908969813503875,0.0058601753890561974,0.013657823637743314,0.006681956291603532,0.007606039980384012,0.01110914387531281,0
19,0.017245798694472972,0.015417173029403144,0.014630670780726494,0.015402749524162755,0.0027205760115277043,0.008979360044290462,0.014518640559184599,0.01124809237572755,0.00972991815754379,0.013483360687261917,0.01995085316511552,0.014059875008736736,0.024954749302217003,0.012493576112726891,0.015188463048143348,0.005423815131998982,0.014581224493461614,0.003164112049406598,0.004209319063090849,0.015483591742183075,0
20,0.014468061032316145,0.00930782077027711,0.02159753044031407,0.010598099139241951,0.012340188854929896,0.003406124544438887,0.002327477791350329,0.0060447341035209335,0.011171901148613878,0.02316234000286025,0.021443564832491626,0.028028833601321582,0.011345493805504852,0.01043708756972696,0.01971679937619187,0.009895574700465867,0.01460202727995328,0.009070733785587586,0.0028282595470182754,0.008665225818852039,0
21,0.010848975637194324,0.01328004896919435,0.007654790457199008,0.027914041010300907,0.017245601298170616,0.016185016865616915,0.021119009560594926,0.011717481136596722,0.016235270877755625,0.010384104444028864,0.024849286116859295,0.017274996464453858,0.023709730889360302,0.011949738456133674,0.016455674292623197,0.012736209278183997,0.026434093252222585,0.0062607920562178085,0.02636546837698804,0.008802379601572303,0
22,0.01156675530582367,0.002652161848040192,0.007715319364861058,0.01609627739687969,0.004687410398268965,0.011046923637954596,0.018886291825300272,0.003359754470127391,0.01802083347969258,0.0104288719779514,0.012960908046807522,0.011658181506740233,0.009676231156033843,0.0009280560952873409,0.008459283143623932,0.010308522472372066,0.004563512983535829,0.00433166622982427,0.006701093772765754,0.003753065820699123,0
23,0.015306273136319758,0.00424746764371431,0.01593600968445991,0.009994009040990504,0.0051802113719229635,0.0062491267950730515,0.010432467220029978,0.014272178356453369,0.027155672704102178,0.01932482541886661,0.02195050324050081,0.0184134695791108,0.012259916583857697,0.011635293254076407,0.02358927926540972,0.012296063992083849,0.024067336998586365,0.026311107370158123,0.011544705987372906,0.0026539905513019444,0
24,0.018070182756485892,0.006782229161603137,0.005539548294662664,0.008651787886489126,0.010323588356477608,0.002933197957861009,0.007352310989192443,0.007453921080183235,0.02054255453918037,0.033319481138488635,0.017511172601836232,0.017630875699695122,0.013642442574649163,0.01659929023205812,0.015505051860616268,0.018527753465558093,0.014332264367520576,0.03787217945974089,0.03472350934709048,0.02927649101878893,1
25,0.010899694072916659,0.025742914124724438,0.002093292240377583,0.03258936337687996,0.022435022291325882,0.02114814488642615,0.015300964302791509,0.012445268901083696,0.01784838753439226,0.01437743141528987,0.014581646128418734,0.007758086526450892,0.021645840906801096,0.014590436266010006,0.005325657280302216,0.00872697712931597,0.008117040122143107,0.0024182607996055742,0.0020482671464835847,0.009627129626495843,1
26,0.004154608624532675,0.0069709129488021064,0.006481578192151035,0.006324051774074037,0.009486511280185619,0.016023674070325473,0.01381608861147398,0.014437211014248665,0.015029930251756427,0.014476599454368591,0.03493847198562245,0.020397347373040938,0.02689563524698571,0.029282264817523405,0.004672714663978959,0.006925722240325625,0.012449777379447392,0.015079286029252178,0.009817585727598003,0.016238086668564623,0
27,0.02118374160886614,0.029083942277133536,0.025871087248073132,0.02473191890307759,0.03319327111451551,0.03279432450134322,0.03656212253611243,0.03337636274374782,0.031770663599031725,0.01354503920960364,0.019754639047929984,0.01324646052053151,0.016920308021812134,0.03469014482906925,0.0407434760105529,0.047952994085755644,0.04044955294195816,0.047610723192360135,0.024756874988707458,0.031088585422857005,1
28,0.018421532083526607,0.009567526959570066,0.014681179994605342,0.013138940845814014,0.012878698625699724,0.013726389485542074,0.00313394681507201,0.014150517777272323,0.006650836984303627,0.019646316424626296,0.013464424450649659,0.018189641967757953,0.0443488816599921,0.013166293626696923,0.0019005756581888557,0.015614529183635352,0.005113314533695336,0.013831422462064414,0.021582320681699175,0.019890157186691616,1
29,0.00412388796554902,0.03311011764617275,0.017440617399025755,0.030266110330620613,0.010464078104204886,0.041762149268921724,0.015332292596803652,0.018811473806075403,0.015605403161518804,0.02061247883670715,0.010689866427574714,0.004959754914213404,0.02397907440620303,0.012953509187957525,0.015260064623460808,0.02066551684942259,0.012271813590757031,0.021015829637551525,0.023401984243841142,0.0076472317104230615,0
30,0.00411006094476712,0.021240941507225358,0.017741319069470258,0.01569394662816084,0.037024676850564424,0.023099156674788474,0.017630156458336523,0.025052809146711354,0.02681632545898718,0.014796111934020403,0.01938746923394964,0.0023073071112107465,0.013446293706019963,0.020308057162343223,0.029946468071919606,0.03017125177422747,0.034334912211231354,0.04963572849109999,0.017769789441956365,0.020574305059624643,1
31,0.04225641474659202,0.0210379492283118,0.018131810570772466,0.011348910617435535,0.012369292072293385,0.021363082454840195,0.01418193216211494,0.014339110409829795,0.022098727533534503,0.023978254364112918,0.030346836202520357,0.025029770113782,0.008388204810223874,0.005492166451589117,0.023886449417124037,0.008173183462690905,0.020434788987154357,0.022547870197085047,0.03235038956949514,0.028101498494642482,0
32,0.0323174455067492,0.00823112597926918,0.015708437212482343,0.011253763351003967,0.01081354681127797,0.01769338395903395,0.014219856666907721,0.010083127645001279,0.02017348473790259,0.009751739767542815,0.0017637082761128584,0.021101696169672925,0.005821388875031799,0.0028194628287962938,0.02399297111031539,0.009435167286140134,0.010592693270009284,0.0062021562968051685,0.00547855704521729,0.012348525372395239,1
33,0.005137220306245392,0.007856298326215724,0.001627777003462085,0.005231424406946927,0.010241639872803575,0.018032009089175283,0.008464777739929147,0.012498698269198635,0.012978142746292835,0.0053371386424900845,0.01079460324317615,0.013692613564170281,0.0017300170023730988,0.022916496988545174,0.01130529439438443,0.00770172848953402,0.020752513914139747,0.009366610534224691,0.00616378840983928,0.013023802565557454,1
34,0.006383249808631963,0.014784443806716873,0.010768596388600558,0.010199404245306876,0.006931142330499423,0.01360335797940527,0.01041911229232126,0.00932951396138084,0.012621814458491457,0.014795878784450793,0.00918608740813743,0.016695131567963907,0.007745568095829059,0.006987215428615351,0.00958428507749489,0.017094008265343682,0.009134938969340013,0.005692544509752472,0.006098985383450677,0.014886286512749107,0
35,0.010086263668261895,0.010633044704321524,0.010647868398303955,0.00867972511401715,0.005692619268429951,0.002505231005336626,0.012013253236093029,0.010702726028862927,0.0020713309389134332,0.0048791424591925975,0.011468362975179544,0.004383981501492564,0.011057659476569354,0.007988842743323028,0.012028422060851125,0.013645098804041985,0.016232714351173988,0.014202212505154575,0.013980636409147084,0.012871503574060647,0
36,0.03413458142234442,0.014518801648728387,0.01467854523558108,0.03705834469079817,0.029912497838764648,0.023476995821168627,0.016974007749537997,0.015265821587654561,0.03224728617610426,0.0248486375401934,0.02330380283970193,0.024050499233530993,0.030467472986133358,0.013261820923508999,0.02278434399782667,0.020192548725946707,0.04254353182177313,0.014576366192688902,0.03802267161719998,0.019810940543696958,1
37,0.026469184348531124,0.006508042770950803,0.020689137314729895,0.013193047136913176,0.04353258071675884,0.00797479661094877,0.040713718334677365,0.02289376894137191,0.02741101647832455,0.024113540273781472,0.005469892829928209,0.0036016120394206834,0.004706384009908774,0.010380863317033175,0.013595753946453284,0.014692887380909854,0.010486660600577288,0.023048422815127718,0.009402924816273923,0.015520603662235564,1
38,0.014575161916781244,0.026239120138181207,0.012308922848669582,0.022595936359523942,0.018850058055244714,0.006058427108003859,0.021417942617418324,0.017368219104167273,0.006530843739824129,0.007794585937079982,0.008426933199002827,0.022233996267056355,0.006216176523635731,0.008894256355789401,0.011421307890158642,0.028939356541464435,0.007088897265583692,0.022833356602035105,0.011781394775004363,0.023961841843339167,1
39,0.014871366576088427,0.004438245136458777,0.010018839249419067,0.0034302781876839076,0.016189521454156697,0.008222328520765885,0.013960850519094466,0.0136786951377827,0.02266117280275891,0.008739668209377285,0.011347064044522705,0.018822473386898443,0.02339449279266383,0.016184883750334726,0.014607413507621531,0.011251591074453648,0.004555584939061065,0.009311227573311693,0.023918811070724234,0.00905212439862599,1
40,0.011586146219317275,0.010191407922676822,0.01883591512662977,0.012229237327200744,0.012923864960137156,0.014448953177450645,0.019687293879099503,0.009243125528128504,0.0071035299036161514,0.014372003902766961,0.010854745361343123,0.011075058093467096,0.01329646158038381,0.013336882591410783,0.01308092070100805,0.007394195734630304,0.00524286011151204,0.009701436214398153,0.04329476228102037,0.023622551061599082,0
41,0.018619668815607327,0.009683276465747532,0.014544567821533919,0.008957588599087369,0.015213287966278032,0.01620278542572542,0.008463269195316904,0.01500914742541362,0.004913297401226594,0.016244063835604686,0.017952338816436732,0.00952403436554284,0.018809040706845845,0.007623367594711671,0.010275051599213504,0.014297332341083773,0.012696849629140288,0.014356100688950359,0.002141587422596842,0.014810278448233714,0
42,0.012142371720734643,0.012907508325742521,0.009936179213230053,0.014034189348804477,0.004010774711002154,0.004319895368699849,0.007423708842888506,0.014339504637294135,0.009109109423547507,0.005349152934079971,0.005626212370930461,0.00680076346539122,0.004594179956856937,0.010234253029220472,0.009245263354338968,0.009002608194853866,0.022013285343937306,0.011742564383120152,0.004509655666233177,0.03046729399464892,0
43,0.012487475118249483,0.007387511611713376,0.0077409695275204365,0.017755739046201372,0.005695322913970726,0.010736725205694705,0.01199482448979142,0.004213964442564746,0.001871360537282969,0.005180827230098007,0.001843662655829422,0.006277321057910687,0.005856496345406868,0.0076930531594419605,0.01024154663757486,0.0049086542929458795,0.01038354686296667,0.01282589210438888,0.012054452374180836,0.007585325301533284,1
44,0.004501641399971906,0.00704721161797551,0.008027422967797385,0.008140138007785003,0.005362861840297212,0.0005674371764706641,0.006959227049457504,0.0022332631740894326,0.005962239110329413,0.009128229874947673,0.014739760020656304,0.01208607255865668,0.014776610974493985,0.016078347824345758,0.007151125297419701,0.007511011740453147,0.00463444057212184,0.012378185564168927,0.008176878370338465,0.016357642427414287,0
45,0.005986683601793567,0.00823148103076968,0.007732443874329061,0.007758497057643893,0.007868852500138506,0.014861294557912142,0.005496879399590372,0.017688316955960084,0.01095788372098121,0.005013333085788373,0.005878394985989047,0.013270373322794089,0.00546828691819376,0.021270709524533873,0.009084707056641944,0.012412733924676546,0.01230765786720918,0.012924393571587799,0.009164673088141222,0.014416217721580093,0
46,0.019789796195135517,0.0010998723144074445,0.010332385535610826,0.0069167620697621205,0.007729185021365451,0.007476905440782302,0.007914443443712008,0.010194709328485095,0.009433904274375534,0.008101656721536961,0.015697579094045046,0.011737049987629184,0.022439144545651962,0.009067822461236216,0.013537909802037389,0.004502666108007566,0.004589957065823163,0.01115548308838752,0.01859926103519707,0.0028919536995602123,1
47,0.018236593506181464,0.011823666434686663,0.022306813506405523,0.022240431158184075,0.01411978091566314,0.024705002760134962,0.011999614187042186,0.005975230426728327,0.03170880561171322,0.007675010676429056,0.030420939218516182,0.008955868402984101,0.007909144508745285,0.020821109457850925,0.0282097116457143,0.0068052580821744,0.028473698288630438,0.026778228128468397,0.007351132995042327,0.01765000140012405,1
48,0.026178954786101084,0.016984695627879236,0.013755336325502915,0.010654113654119708,0.003068781812006191,0.01622050562457903,0.027366798779106406,0.028969920778745665,0.01781460988406471,0.008204002835831786,0.018781843740627774,0.011940963917144495,0.014435038552733415,0.016530242427655713,0.010213927927130875,0.01924851025561264,0.014173580891956734,0.017983634665466295,0.02451163483870321,0.008109303530566679,1
49,0.012403738922324992,0.007015620890334654,0.0026121211436302117,0.016894595269461174,0.0074306829294217645,0.002677959490302273,0.01620196863540045,0.01250364695815889,0.014393868029508157,0.011343984529813896,0.01772637789652133,0.0123161063935655,0.013253005934293736,0.018379413087575566,0.01700894935909214,0.012555806632383123,0.016074700084145924,0.025749509764324757,0.03392117507553357,0.017063636450015823,1
50,0.039686920022053866,0.015283326941569367,0.03553766692416654,0.0186612278441318,0.023304785930877567,0.024806314025022518,0.011142116212075198,0.03406479638763357,0.025575725788665495,0.013291168162559115,0.01162213783246099,0.01209047897958559,0.003062463985241295,0.01635858183530895,0.013683961164808967,0.012567644122504624,0.01507162755637642,0.006532678264678278,0.017896753992269913,0.009220048387609687,0
51,0.007364460961081945,0.017366498445584824,0.016993498042913356,0.016031336849586186,0.010340555035108124,0.008052015394725722,0.010706625554860879,0.01208710913635469,0.005170476538481341,0.012957138795250168,0.015596610190525377,0.010914005188512786,0.0010365282545594207,0.018626304454040257,0.009499989792847146,0.01280003115345037,0.017239188415937683,0.012022394038264592,0.013371736384318229,0.013037998041179484,0
52,0.0020410649168020123,0.00046165727775049787,0.008660646106734763,0.004811572182831719,0.0013681050417639713,0.008219800409904915,0.0018161966598430356,0.005807159318995906,0.0010185325348505078,0.010236876088494967,0.006955209785724725,0.004640038247767035,0.011286851048037446,0.010254925531549268,0.009359234727707656,0.004444124473819789,0.003897007992527729,0.004402201992770096,0.015207209399150129,0.014601571810514817,1
53,0.0035239772188190997,0.007174260150159318,0.004779796142134201,0.00321516069058391,0.007733733461061415,0.0027027679493669076,0.002526061145934714,0.00597406666009545,0.009022633851047098,0.0017175051462502231,0.0023874671247263277,0.004935014035864944,0.007385713458243624,0.010118375391123815,0.005865061674535146,0.004861591691064255,0.002832839487588559,0.005260393746747103,0.0020191233447318176,0.019875572714077347,1
54,0.012569594628757924,0.0033350703733504637,0.00819571136525683,0.0045986476256612676,0.0037174778749576973,0.014570066233585524,0.0036013068601764555,0.00345864378101605,0.009875354428167123,0.006470425709624986,0.0029693185589754418,0.010162758868076919,0.00817676126054962,0.004808534582034843,0.004554900746616111,0.004001040146927421,0.006887580334866603,0.00355883312237999,0.0008914666239428166,0.002651366616973406,1
55,0.0046417383591926,0.0037990643896227924,0.004731023447637941,0.006730310762223393,0.0006787159388875428,0.010689874778411814,0.004058850044507187,0.005583103602713638,0.007151646123699237,0.004421846297833986,0.005020780377326617,0.002709508756962597,0.00040704051816496136,0.008846470207376821,0.0020674824660834273,0.001649595918479738,0.0066499969945611175,0.007862390102895493,0.01592743762823688,0.02328141118535397,0
56,0.005217405330126844,0.01067479276244223,0.027814659942487975,0.006406939954039208,0.01022805476711364,0.010512704090576131,0.007463427475471643,0.009090075388161591,0.016271056446601248,0.012898815200738399,0.01319449521117424,0.01125145155292525,0.013654230107013762,0.018177568039900414,0.01384735890508544,0.013526918540629124,0.017905704976037218,0.01795534560895538,0.012872139937200945,0.009143974154452535,0
57,0.010664116781044742,0.01900817252371632,0.00772123665795085,0.020821886608274092,0.014967514035353366,0.0054820460345112,0.00854335330785869,0.02028413044791359,0.012247141914724166,0.017270706668128202,0.010829780548015918,0.0042214999628267195,0.0018533916029185534,0.0016950008926136285,0.009760804837830999,0.008724809864428279,0.004853670161184833,0.014602196373110487,0.012746691059083885,0.016755797574332564,0
58,0.014251584296975863,0.013814793544706199,0.00840272517893643,0.016866730906519207,0.011524034057473102,0.017960585474902983,0.006609293271963049,0.012468749491829552,0.010067183433220038,0.02838938491602803,0.011432804860811538,0.013607915844268915,0.0052526892847601404,0.011285402176646166,0.01239327710056549,0.006064965207690809,0.0077548034307485195,0.019289063502097477,0.003125694531046819,0.03180154263248933,1
59,0.013748327480654365,0.00947640244203168,0.006443985469288398,0.0049996566075881654,0.010253111040133135,0.016036738865537498,0.004157791163126883,0.014942158211086009,0.01205829531896047,0.027346589883533213,0.009708742876527577,0.017366476796581525,0.015527936108619515,0.01005242697252539,0.027404227979632996,0.011194622534145581,0.0019198837018944669,0.011897202526632048,0.012456517402950151,0.014250492124021543,1
60,0.05418416606208863,0.05278420640076822,0.028092560074430666,0.009097111226144046,0.014058565593231908,0.023529534857472213,0.017364844288714484,0.009335627837162321,0.024085549125968546,0.0266085867099243,0.011800942315225679,0.016934623701874336,0.015772553438126276,0.013777555795827831,0.019489171232082294,0.011910941749335525,0.007435528882503851,0.00722886610469311,0.0015707769099665302,0.019374048816452282,1
61,0.013684748258948725,0.018030955958498154,0.025967239856644373,0.010279856766443775,0.017821825829125917,0.026333256214591084,0.024935074761227187,0.008654314680294968,0.020522121168936213,0.007476187564052949,0.012974347195408848,0.026036913311638255,0.021009094036214412,0.004938232496278403,0.00749620074070859,0.012560170223376747,0.008310814701784665,0.012073025194411719,0.008488585918732286,0.0012749805571066607,1
62,0.012549611075861136,0.009637800106746273,0.026433413516679022,0.011077259175775385,0.0068776829083783755,0.006096863878167201,0.00241024586457482,0.01219878927191137,0.0077313407936851425,0.01420127960551795,0.0034805251867642043,0.007351458735931257,0.00451330441447605,0.00919391064207223,0.019037015992184176,0.012024590532356145,0.014896413778531698,0.01614718510442873,0.004877439325364772,0.004771391038968511,0
63,0.011401309844584744,0.0023398480993996177,0.004186594406337446,0.0071001789457198336,0.004325497563960059,0.012102988825516985,0.0049450546381309066,0.021583625548754943,0.007785339561349974,0.012002687383939463,0.026150881764108923,0.004046153925139896,0.0078439857340676,0.0031719352705879733,0.015199684737786504,0.0020283500908127275,0.020385016746354075,0.007468117637233362,0.002872884210841084,0.0267338770134917,1
64,0.003195793314264239,0.010129773877807143,0.014685879895097367,0.005241610134404218,0.01732033984737046,0.014137407695434302,0.004668920810870646,0.0028226948610094228,0.002643337354425273,0.006988978963156493,0.0046651428569831595,0.003505734360430208,0.0031332337552477632,0.009414682186802697,0.01603223812765769,0.003120292538517022,0.0035659381301448583,0.02452914935672921,0.005548035170375274,0.011705381168011618,1
65,0.014682277692415438,0.001885048671254937,0.006863632764904894,0.009149044519441632,0.005245249303154331,0.00953055196846568,0.002105834386803483,0.005806803468830419,0.004875758343267332,0.006768262137011318,0.003967266160194447,0.00342150187468895,0.015560577540673902,0.005506541141903964,0.005484722678584669,0.0032430366277111334,0.007119333475994505,0.016285395999474008,0.015089054731855308,0.018019748791359442,0
66,0.002353994548988802,0.0026777615078426996,0.012292571087804415,0.0046111451553491585,0.008562071755126851,0.004409486711030662,0.01392751471724891,0.018887267400282154,0.0018409875990989175,0.006312192004968164,0.012431276837229716,0.014517462059035698,0.010190521046133804,0.0045794021182246035,0.016552203847137698,0.021873496051666205,0.005208155523823243,0.009238608392259302,0.008804678124724376,0.004307907180341865,0
67,0.023931502706108575,0.03813586878242738,0.010140266917336294,0.03491334377229321,0.0249061070638428,0.013924346447158665,0.017382318286457074,0.010133291175101993,0.005444135264713763,0.0060999287042390925,0.027447616790450134,0.01369619519681287,0.02470569567409507,0.017621126617151924,0.03067970263807979,0.016910996160631696,0.006426153593814892,0.018130418021286766,0.02389189395865468,0.03924043244105243,1
68,0.011096616978106438,0.01923564627456535,0.016164655374294252,0.002999632612504402,0.010046003895196536,0.0029050410920838966,0.0039472360872855085,0.015047873018708292,0.0028155444266999238,0.014626354622383323,0.0026415027115107128,0.0034972216606546404,0.007435181603166731,0.005983169153658368,0.01884634585444672,0.011835090220291566,0.00915451364986606,0.009431084497233391,0.017655853382896478,0.014744787659553223,0
69,0.006553028775410955,0.004162761868350869,0.003953009454580141,0.006831638408500553,0.0072516258370726805,0.013374640503673357,0.005653059691574111,0.01182744829995887,0.009108927146508529,0.006008063275407477,0.001639965096274916,0.011577960889452859,0.0050514413610869505,0.006798871196794361,0.009464670216705705,0.0010051368094050673,0.008972925446570702,0.023557959769348047,0.014597991229397147,0.032341046491085844,1
70,0.014212229603848566,0.009597629915621794,0.01161234710712534,0.001370264905054642,0.007173706071116004,0.00940484590270633,0.00681337810125562,0.0038467615045853836,0.005855975553970918,0.009437645307885066,0.005213780728612396,0.010216345551340019,0.014382077815407375,0.015359528900973005,0.012078116073522807,0.020029583870229604,0.00767484638929803,0.01327205453002439,0.01800197539093586,0.006194793314726884,1
71,0.003162587331613785,0.006852599125925067,0.008120814078564537,0.0036500084023049872,0.013413185402111833,0.009504866888548468,0.012450460951331243,0.0050110726611076,0.01830052771853413,0.004178297229949063,0.015052254375658283,0.012341647482147595,0.014135395817872558,0.012614506904502809,0.0026264193794974904,0.006996330981913593,0.007904431685341143,0.009067652987269201,0.016687098781614312,0.023123861658568383,0
72,0.008638053862027312,0.009417392398465351,0.010765207899850054,0.019190850088044616,0.014680055705210398,0.004952290206012342,0.016604916555884162,0.012641890519791095,0.017103360165491924,0.012613451987295934,0.008933653667487749,0.0201477504616751,0.005089589140670829,0.012702314584320907,0.02153323950164548,0.009691745517853064,0.012999707106073581,0.007989788205611272,0.01576937623108486,0.006207664281046777,0
73,0.005571090156603102,0.01411309389663372,0.008797137083858588,0.008740917238122092,0.005785211289702387,0.007917479335470354,0.004146359800427357,0.01268107219646667,0.01688258483208362,0.018161576504954084,0.009306906509222064,0.004272646754003891,0.0145569595809918,0.007740976457683425,0.004251936783101203,0.01165791565569888,0.007729449053923572,0.017879703968145,0.018145586877522067,0.009244367139574291,1
74,0.01509871388567172,0.01350654126204781,0.02220459947799879,0.005844921800041125,0.016479796917645433,0.01696912015210479,0.017365737941860374,0.025063742840648225,0.01233185062393366,0.0018892734668131033,0.013208539943310768,0.00618099394387545,0.014420410280595658,0.0077159086968418686,0.018161988414832225,0.009876278056525143,0.006905778689539655,0.01660199889928017,0.01383650352231864,0.01598239865687016,1
75,0.03236904824881944,0.0367598242700166,0.023954454078759548,0.015230136749395913,0.042366242156774085,0.007595717568078999,0.01834341406607835,0.027559636861902242,0.033628040523852785,0.018847980121734345,0.04643557213139566,0.006837684099642217,0.023440142666289576,0.025746697270010402,0.02055270766977714,0.05143513816055032,0.015408190230088673,0.04675122577482862,0.031590822499406375,0.04699216751706607,0
76,0.030059450332896323,0.012037831236979527,0.012228063333664087,0.032541717535066045,0.03884014090397491,0.033818878431128685,0.05208700053507401,0.04288504501748133,0.021473117367769405,0.03242493162082666,0.018710595277785392,0.021920787635330178,0.022174633347729924,0.015978763087978243,0.030206443550861793,0.015744676239014894,0.011434573635273903,0.008670676366963772,0.02066276080360563,0.007092570022125688,0
77,0.022267347313992835,0.016720930703778544,0.013585143396015515,0.024580798651994407,0.014738472454921945,0.01529670517384142,0.006440067928628084,0.010862829214975672,0.0241371107415676,0.02090785197267653,0.012673299544573385,0.023003496168954085,0.010564108604657839,0.026957648140655686,0.028047137183948665,0.0021424608738551108,0.024551737191638806,0.03624448035930312,0.04127547820997802,0.03643866654596764,0
78,0.024352426014352238,0.010867347159616509,0.013549203645716197,0.01897350015224223,0.008740164286264878,0.003657649245417057,0.020613604862093772,0.013531929832575576,0.031191446452709135,0.016202672290366173,0.016857447373763323,0.030368759106853545,0.043667276053202586,0.013706210509429656,0.013477858777602615,0.004653409265667486,0.022194868684551835,0.03672208836459299,0.02555246552679566,0.031223325687670566,0
79,0.01645554880885168,0.00782976971753959,0.028971082195670995,0.009803409357071906,0.03735161399441095,0.02921141669233275,0.033398397404716895,0.01148746939126717,0.011231229934579737,0.006139195849205335,0.0108252708850541,0.023744582084968352,0.030274702550168845,0.016354726305056286,0.019573101745594644,0.027092164853259697,0.017258846115094137,0.02208485308771149,0.026872474433218833,0.024579091155085456,0
80,0.010687897591210355,0.019402341696251515,0.008718593856215635,0.01494688936386835,0.030269011446189223,0.0035407855010011575,0.02922812849840012,0.015310741047434937,0.015388588298872645,0.012286059165497288,0.030884395449048377,0.030167965903661786,0.004163479196345288,0.0142776853301822,0.012450475343090319,0.013917428245225483,0.017044109808853732,0.008919818697126304,0.029802259317751392,0.01495680460815411,0
81,0.012955241042686161,0.008286271559984022,0.005445911218712621,0.01268820130992963,0.011449123251480875,0.003917186523105581,0.021970463949614466,0.003587572270951484,0.008267047404885796,0.005787721022172717,0.02056840323167795,0.02216568921132199,0.008339290059362129,0.009759474287526965,0.005147516674601457,0.01116932896933831,0.004300723680730953,0.011739137586126165,0.015382957903478768,0.013491925747309013,1
82,0.01391845191814449,0.008335444965615214,0.01688712256870305,0.01935922434484398,0.014997592994360792,0.0027119193871684307,0.0017804146132010942,0.013019035607008839,0.009009976602063128,0.008304678603592313,0.0038463957640178467,0.0049081278358129865,0.008171570007261824,0.01910590865153042,0.013958987854156907,0.0174215098697788,0.014725170311361424,0.007984351323557851,0.011147444039657702,0.01395312122869288,0
83,0.008826023184798465,0.01308894674033782,0.0038638243929557613,0.007970499363233137,0.014135381320997328,0.010559477416638562,0.01569110346027328,0.008976483021323001,0.025775901685120544,0.005569111558677917,0.004355020719135561,0.007675721627736376,0.0021018289512945653,0.00457215653788232,0.008033302417337468,0.004839879802557084,0.010862264379630978,0.012291865480423264,0.023067558489824645,0.01965437743177077,0
84,0.0052389068976376706,0.01199650466267744,0.0038393507864976344,0.020842548818046824,0.008272386027150223,0.007694459822974597,0.006155295423293853,0.004907181889415782,0.009148998492307287,0.009781519128367793,0.01748961188341941,0.00717641295968018,0.015020409821992507,0.0033449621095587917,0.008828310540963316,0.03027417071506862,0.01587431842936422,0.010917042571577018,0.012421164286455795,0.007043773482021124,1
85,0.004668763424130636,0.023571116865139376,0.007441522283737985,0.017281361785066042,0.0025666597052542823,0.0029582062930938414,0.011910288136703535,0.0076747590863007545,0.010138053750603464,0.008180613582510541,0.015621124388644402,0.00746743810146318,0.009270412791703129,0.005706861333237736,0.02153674691629003,0.006107143725693133,0.011436227604071588,0.0034219236926036345,0.023471572863186414,0.034350243489445605,1
86,0.018592154511772343,0.012942163996927285,0.02415436708461855,0.02351095320420557,0.0018076517912750758,0.010252965214653758,0.022119372615135358,0.004974189419805001,0.021118322941872065,0.014888635186940403,0.005595116206559075,0.02107057145945798,0.016087739713981728,0.010603642531356853,0.01443624418034691,0.004242509019491771,0.006996013989853719,0.020050076521310738,0.008994689476110668,0.017891581649258963,1
87,0.02556629373764637,0.01747807414801997,0.005533618898825977,0.025315574895763204,0.02317116149035469,0.04107637972506613,0.029109938946927132,0.02305116469846155,0.020678841369250384,0.027063703272913256,0.020975576132737234,0.02516769444928359,0.02072367914403714,0.0196581849920012,0.041224841533753234,0.021064273966142983,0.037829296813297025,0.013783706858819368,0.01922233223650788,0.016707660156154394,0
88,0.008395530065439586,0.025067050108812165,0.03257338118263132,0.00643840032462257,0.008858359048249286,0.02552284221818957,0.022851654525878423,0.02900288541387046,0.02875797033827144,0.022916413074728772,0.02340419855889109,0.014871108769910197,0.016916338251725754,0.020358851804681912,0.03336030426958513,0.0315022904328422,0.031369594401556435,0.024601880349219247,0.028464975501392938,0.022698649604637276,0
89,0.01779789956156276,0.024175411582321886,0.025616128163313084,0.02936076358338529,0.02597673330973708,0.025319542226014752,0.028976727294756664,0.01054691185738219,0.025283972648526415,0.021375174385988807,0.014306747627076835,0.0004857756131630013,0.0160793691508048,0.005466336927703597,0.0034378222469455865,0.01132087232487647,0.01914575013682671,0.006498441983383401,0.009542919387341593,0.009199069212262732,0
90,0.005733597378407407,0.013728928332106663,0.004115892567026016,0.02151097238250054,0.007332569868844142,0.005593328374206185,0.01534958428821582,0.017122526957781724,0.036218780062751976,0.040190543251807646,0.04073740899703858,0.010025354803694528,0.039118411650275374,0.017032559934531278,0.014485204271151998,0.018526024537876443,0.024171399339454887,0.0328163965812595,0.008435543327160377,0.03133683372322005,1
91,0.01158087963140106,0.014001382992251152,0.018329913481075134,0.02163131232063603,0.012866439353344812,0.013737923621421108,0.01149028884960252,0.0017101449058193855,0.00557703115649357,0.009987251401511832,0.008948499067765497,0.013026741553036203,0.0041044300631512785,0.01605909580570463,0.007950639727720029,0.02138016584649055,0.010115690536381044,0.01793525513683271,0.026250103302446183,0.022609802233697223,0
92,0.01156295354055896,0.023999642952107124,0.017034554815747935,0.011874352055569222,0.021214304132361757,0.012392797383653783,0.024771017185307935,0.0005771890266628409,0.018471434909007475,0.0063151304555408815,0.017150524123714126,0.014397382127407751,0.033106761207104284,0.022653412076197817,0.023735775483860327,0.013349572609425556,0.013731588637244416,0.009871020745677719,0.010287510859255505,0.008859718628291758,0
93,0.007151068905925883,0.01577296655522242,0.008937988871402448,0.009074415808577433,0.0053640723819030674,0.009705778459396207,0.008251123146924,0.009697802354377337,0.016078127591742212,0.01969683220636222,0.03674930483519191,0.03256809901737221,0.017505902150132112,0.010387934443848789,0.011835269324409143,0.014174986812847484,0.006696993676456626,0.02448658162554545,0.023885869730945534,0.007642765702185305,0
94,0.005637820388377046,0.03331144691695671,0.022272804488569126,0.00990504494179103,0.02902198090196463,0.012883838483961218,0.013865122619652524,0.018550175594133876,0.0076965385196788305,0.03646559772656201,0.007671789663331757,0.013171516210184158,0.023985791870324062,0.02352734936638031,0.01609314571410189,0.01758119628230673,0.024681409545346006,0.015435138699374651,0.036474897707763076,0.020988699865422913,0
95,0.00928486066559969,0.0317662840464619,0.01585794123745577,0.012509679982529517,0.020363650664694193,0.008290877267702128,0.01830645925854861,0.006520608149383011,0.01669596101640935,0.01173233476305691,0.01700962900626595,0.014616315773603828,0.02117169776065257,0.0034745664912538368,0.0045273962614894876,0.010666289751775216,0.016672639489541688,0.016817520510077847,0.03061179974341275,0.022755048597688073,1
96,0.003937656213193325,0.016059584937864992,0.018272940763580586,0.004253265809077066,0.009497479243111699,0.0032775307360996095,0.008346250128397546,0.008347897682149741,0.016340344113766513,0.012029759604184821,0.01560763855092848,0.01934843210553506,0.010148498245957378,0.0008396597872948295,0.013615985457483422,0.00938107579610974,0.008417758643542177,0.0012281874073857778,0.010410436384415208,0.005544274459029241,1
97,0.0015479667716252823,0.0019074358019993771,0.0021180889561715757,0.003946997214236793,0.0050479051428196425,0.004449698914781651,0.0034770019381710157,0.010502820376933127,0.00019419630139178758,0.008820478406500696,0.005233994907535138,0.009720959660175325,0.0031851080553412948,0.004099218947287398,0.009790949027660393,0.002169394281867868,0.005115496405136163,0.012229991715015513,0.0037416488067874157,0.025531625156664434,0
98,0.0066566452152491936,0.008250119920087283,0.013497981299237686,0.008052577311534503,0.004973626128276633,0.0016990433598884408,0.010226082602393794,0.0024876868533036866,0.003607212166050122,0.011074726974016107,0.010970164727997483,0.008407292779277995,0.008368237739315245,0.012124540462834047,0.013454957650342122,0.004947782442271807,0.004863854899341506,0.012316154417197035,0.013101337067029645,0.007218717634646891,0
99,0.014008362860894923,0.02029460736510317,0.019285278143000684,0.022760512071084184,0.02278655900527258,0.01650033941908469,0.01731741550489853,0.015364994055794487,0.03388261892006726,0.012688878614055852,0.01590061676959935,0.021039791015457568,0.020635441690320687,0.01157368427248402,0.015669553983585528,0.008378453789283319,0.01713930093117479,0.007911885060059957,0.02549658419294828,0.039972124789820714,0
100,0.017172701917243544,0.007903085883691253,0.01906450650206556,0.015577716896079478,0.022678370688539336,0.01837310231497392,0.023837752786372294,0.01407827501891478,0.023795004602622395,0.0061716146401864696,0.018178705075346704,0.01863727917668124,0.009686040424555592,0.015113115995959802,0.013173856973221622,0.020320513398654573,0.030083687659070324,0.02637668089010632,0.02119994093803329,0.007516180052102592,1
101,0.01305874643593025,0.01312103586045435,0.00862820489920783,0.0016958289739664198,0.012638046811221467,0.0035411379612260213,0.011979021002374485,0.01294038437260656,0.0167590879928136,0.011090488301084674,0.016599804734893028,0.020482941325459608,0.007078698987191149,0.01877811182685152,0.0017651640321400728,0.018145543006157876,0.022119849565595245,0.004158718057506304,0.016682273802585936,0.028323910094094174,0
102,0.006714904757595193,0.022863442794130433,0.003029208533822036,0.004329271973760573,0.01669582882423694,0.013325359509151565,0.01444788516893836,0.0028859763109395065,0.014111175071628302,0.0170105334739581,0.004105443894635511,0.008727642401273095,0.011625781763348218,0.022770137662063553,0.0059164674935873705,0.01101311581534381,0.007155962880327778,0.009047219883682501,0.03260876678565047,0.011529673210378037,1
103,0.006819009584318019,0.008088024622440262,0.01741328339779721,0.014006634481505542,0.01809947006851306,0.003646879816281309,0.007662440352426895,0.011752802597678564,0.03469212443522645,0.014897905580711707,0.014269714243241605,0.010131291536006738,0.0075811837981525024,0.017510500363982294,0.018285224761807002,0.004699942198559466,0.010489294234413485,0.025721456691698393,0.031626190826255,0.02878633169347191,1
104,0.041860711694667825,0.006156132899962444,0.011381263923350692,0.024189302180747673,0.010205527799310528,0.01718418405225573,0.016612106695916083,0.018255312262848315,0.01649448426083095,0.024045288500444323,0.023469924960979317,0.02584395126437906,0.023817917661566972,0.020494786570770553,0.031019467480880407,0.012270888914716001,0.03168625489653518,0.0240920292554052,0.025140219998570024,0.014146498332679362,0
105,0.008986689524092619,0.007450407476367182,0.031826079839413456,0.007129517448986291,0.015494570863663052,0.021897724339321217,0.021296216524273524,0.01120005323122087,0.00601112411434134,0.005432984558126503,0.008656932795108726,0.01597058219859016,0.018631113983539713,0.023479310698599078,0.020600312682879353,0.03758437975129163,0.021551347310219383,0.0043258802730658215,0.006391352273871627,0.02650670452683449,0
106,0.010074516870460829,0.008833449119488931,0.02442453600021094,0.040968687597005705,0.007990455479191158,0.015500751929876853,0.010877724832725822,0.021486211617176003,0.01653210647624461,0.0070316911041157105,0.009552324869669166,0.0108181214583679,0.0208852517900575,0.005523358884809134,0.005130524375197922,0.017355281876135005,0.005469647770423615,0.015893781860051432,0.005868034019916722,0.012186653424454517,1
107,0.004528050574598407,0.025137002731058126,0.018708850160375975,0.012574992642224484,0.020321260046193,0.02860954361782627,0.012572871820790347,0.0039051004310671697,0.008407926196424715,0.010762294562278805,0.01429689385734989,0.02084882804297568,0.007820505606828499,0.006734861804147432,0.026942031947267006,0.014334320688782713,0.0008076019375837351,0.013546801302341685,0.021977105050508976,0.009711302352615999,1
108,0.014934769804617054,0.011120980501133883,0.018887294279195235,0.01631540652047999,0.011929705692626117,0.014482445194995766,0.010993694178700808,0.006275105580826908,0.010374734346686905,0.009017323203035365,0.025648668031130605,0.02273979295344399,0.026368234765249486,0.02046528019656994,0.01837932720270696,0.014892723710301082,0.023806064747952632,0.015943785861687244,0.01537664171175634,0.010829592939852356,0
109,0.0005461057537043574,0.004333911973170311,0.013803503413545564,0.00758335302401253,0.005201846674030387,0.019983687931268868,0.013729473887243457,0.022213246841749634,0.018699501865228927,0.02102847241324486,0.014263916422785194,0.009634740064564069,0.009374169419112071,0.009138205954073319,0.021390029795719977,0.009483312622173432,0.018741532801081696,0.013760378334116726,0.009808896995222706,0.020829646794492916,0
110,0.009848504240123821,0.01963787615176043,0.013491904696980334,0.0054026927811971675,0.00458553075741511,0.01689766620224521,0.014589527969488937,0.00884718913208037,0.009806128417076539,0.012162810978660054,0.012147279503363966,0.0008922326177858548,0.006056121672080574,0.006869312187459237,0.017910698296211006,0.005195206916069463,0.007946581971218567,0.00856740957290621,0.006024462224624206,0.009280390049024069,1
111,0.009593047811201606,0.01084604925088767,0.02002156335213065,0.015287422758336345,0.006272566670072148,0.019917270506095958,0.0059013120894679015,0.009058072761299725,0.022111016655414196,0.023101173174905298,0.009024062187967013,0.010744966239095216,0.018456200137333824,0.016956823448453458,0.008524802152556327,0.012123053765444291,0.029090471406882427,0.025736299999997395,0.012555949103507007,0.003788742461075527,0
112,0.005016332258383614,0.0075006414491628716,0.01752543185665551,0.004595107349409371,0.02208684437008293,0.02956606846916717,0.03682100114864344,0.04249830601826662,0.007976067979101763,0.01526847231198963,0.02582335806064248,0.025005476088909243,0.004143366507563627,0.008836106752637162,0.005805541844444837,0.015720639745382497,0.021546004484024994,0.02051269735203113,0.019601670897850136,0.016108837217257393,0
113,0.013845115929370365,0.022345709540378258,0.019791682415436284,0.023569597647518765,0.01960145834603293,0.011520590361991004,0.013031559012269255,0.011055365131455223,0.008181801233638533,0.017554996015262694,0.013593092815691356,0.03125612257176184,0.01330469845855216,0.005965455058962399,0.01449222476544233,0.02044232310704926,0.027222428929121224,0.01705054910477866,0.02162108736572008,0.01527481129097181,1
114,0.0,0.0,0.0,0.0,0.04467618900430184,0.04812529488842142,0.027862555749621768,0.017185330012848166,0.01948466880746863,0.01574688757126922,0.012265457048555712,0.00709560054451799,0.01979794767118867,0.010170277886507529,0.022334176173132058,0.024252239160627954,0.01155216407174362,0.013079297136039229,0.0328605626331619,0.021016603064512213,0
115,0.01972265822687016,0.01833189548163203,0.032577947831692836,0.013235809646334449,0.024436098173884067,0.028849691264526557,0.02337457050258002,0.00877144723901273,0.017074506392941495,0.011058286025908356,0.0028896452414412382,0.011047986200403627,0.014028368508997078,0.013115711251765954,0.0034984145275252887,0.004189067817653469,0.002557939255025421,0.01525658046538935,0.03289068245177349,0.0238898092692198,0
116,0.010915238805678963,0.005106232662658448,0.0037217171739534426,0.01110554183765065,0.00298359292174787,0.006339679864656022,0.015121942066323658,0.00939637365614161,0.0028470294780393473,0.006416027504049605,0.0035024198644886934,0.005429076688471162,0.0034235004493940128,0.003534437591583843,0.002940071529762668,0.008761690076748893,0.019576384135060822,0.012820580643211019,0.013523919270368041,0.013160906894039523,1
117,0.0014415328500245867,0.012548557877984383,0.0018541360931992011,0.009046914672113361,0.009275242476096032,0.0026250919912317347,0.013233584694914265,0.0027857914800824557,0.005850216049625858,0.0015091995033460622,0.0010185276404501705,0.003095738324674906,0.008428827409217488,0.009295020741836784,0.01203336914171709,0.01109519763143086,0.022224778914291955,0.004324817810507278,0.007162425446706235,0.002508329841009753,1
118,0.009305777659631679,0.010340098813773492,0.01014711947147189,0.009540373882049067,0.006285170016471927,0.017330061803516372,0.01780576716596252,0.010512154194168956,0.013179745672002098,0.0066957530711171005,0.0110042735782445,0.022480079647994228,0.01154470907534395,0.014251433448732165,0.00959481970661987,0.004073213967895672,0.02528559697326342,0.01379664694605483,0.01122620169364314,0.0019340546153870629,1
119,0.02641301332946508,0.011117464600029095,0.02161481200575661,0.025296179630074574,0.023478518486772116,0.014537460246260351,0.006568514062655267,0.009739044582324283,0.02332827329653226,0.009168852091974218,0.021528349122014186,0.016698691061894522,0.003914152552614808,0.015925879130155703,0.008141327394106258,0.016976982214778343,0.006111085810816359,0.016750574221366294,0.014223462792505913,0.031445322036730824,0
120,0.009482712758852289,0.016697468497077636,0.004933678508253247,0.02063676067518834,0.012681469241192046,0.025690530000301533,0.004416951452768753,0.025970833503080586,0.02108184872052971,0.023018839264549028,0.021091493192818854,0.020729457413936336,0.008494012188160609,0.019510904264026716,0.00951356561808584,0.020546867599735317,0.02173217220054233,0.015508731261071777,0.018521750910049543,0.02182955569894028,1
121,0.02084305674993015,0.019429746913054245,0.032503558039865175,0.01815254847881145,0.012387355969705558,0.011607290975180212,0.008934541412926569,0.016509619630778894,0.01160141818646755,0.024102897017813023,0.013548824138666057,0.018828553668447292,0.012672226776241817,0.025665766890332738,0.020732872652331615,0.0016227291237295273,0.018999071759020228,0.014007539264224827,0.01422610184637029,0.01511031682375376,0
122,0.006381865326759877,0.021228671810400678,0.01788363563773317,0.021631549212374968,0.01385680130422317,0.0063063897367956106,0.0032333529451106934,0.011342497191885218,0.016388426466252368,0.020926151525242524,0.024530443807191115,0.0456840985814189,0.019838148832977298,0.00824773355756909,0.00718601965637891,0.00891343606215252,0.013776981084874873,0.011863639231707105,0.008998911074021345,0.009852201788500124,0
123,0.04754964836227852,0.029343376045997165,0.024114898560767366,0.018374636756382425,0.009583182003306623,0.01983587295106198,0.015243188625960342,0.01386360937931811,0.020560580247875593,0.00749817964120499,0.013673846245982476,0.01883749537192522,0.005303834497259976,0.015706902641701485,0.011648955845996843,0.019966967953028422,0.025236415353201414,0.034310665618706805,0.010022231130430503,0.02249347949538475,0
124,0.03240765396640892,0.016782814193436094,0.004017404792873129,0.008886294522352952,0.02366041163738703,0.008857478781182825,0.008159851319143995,0.009466057796983073,0.02596592164547072,0.009888407422861378,0.007934012170785284,0.017473057517912085,0.018868130961141566,0.02620653128309599,0.003112764258629294,0.010129487639806865,0.01607146396169932,0.01014778811517564,0.013326215968687433,0.004761772350343937,0
125,0.0,0.0,0.0,0.0,0.0,0.0,0.0,0.0,0.0,0.0,0.02938149788221323,0.06928514804557828,0.02156476793542247,0.025607226378526922,0.007789251215176206,0.013104936503424959,0.014651337674941116,0.00330330390189162,0.021229430618025305,0.021712109837281682,0
126,0.014796293702562814,0.006123759797575338,0.016052513351164047,0.017512628081250398,0.01085464421342312,0.008141599335492994,0.022001094805910542,0.005920707183122728,0.017316763786155334,0.00804141983839297,0.005896280123760744,0.012828765869690817,0.006127769264009211,0.014150907292477364,0.010933191819328196,0.012030124142539012,0.006304583458881643,0.017842621409315532,0.01006198985445886,0.02211667435452347,0
127,0.01625747963321269,0.007903101927169838,0.008269702486174013,0.009234993167615446,0.013926340777749336,0.01686526512614955,0.015336727627778539,0.022258045509831847,0.006107699456194617,0.017215508461849157,0.006199188040655002,0.014856062448387863,0.017802998067095326,0.009149067973673604,0.00623075570454339,0.014232516207389334,0.010867241249746874,0.009783510879997067,0.019885539834020194,0.026131673172359798,0
128,0.0042795253631686785,0.009533245404482988,0.013967123493688885,0.006656401869997033,0.0060580473827876275,0.003387828167203878,0.01442353570360957,0.00933830696216932,0.016161689682001077,0.01246062116214553,0.008786340011772835,0.019115822230854534,0.009802593610209293,0.014694223841102496,0.0037606166625493757,0.01438114146132389,0.022563806486648037,0.004768349705733527,0.012074806970481517,0.01384433850401904,0
129,0.012524150284570209,0.011518098466752225,0.011603402670122226,0.017656537696550255,0.01663173466258105,0.01298645931766238,0.0072761118078820105,0.022253687089363414,0.02640141081680674,0.008753109733414746,0.026855470270263374,0.028611139514183977,0.0014874149302060906,0.01824111039785134,0.021227142500009278,0.0048300076892381855,0.002973628073196109,0.02306547113331115,0.013506561143466617,0.01172849410513676,0
130,0.03230171373597692,0.011376844227416494,0.024336983436658702,0.011910786718537947,0.0233282856793695,0.014000510253851637,0.009089786960172038,0.02160773962551095,0.010081734842425485,0.014028681466526501,0.010443475421803008,0.009529159457201364,0.00748767732959102,0.006621036797890193,0.017733273847148727,0.021098335077116132,0.027231168226744675,0.03398219219510648,0.024346831112362365,0.0035751342020265493,0
131,0.03027175067079777,0.014399036147030512,0.01947281065331751,0.017610052059994028,0.020586988624609476,0.01577508091796045,0.006410096304315561,0.019042081914719827,0.0031294935112890047,0.023633078164507052,0.013415176279412064,0.016342094144014253,0.015483686294439868,0.016295453953613443,0.013659875383828946,0.010577924581694464,0.015718419593343982,0.029530695432217778,0.00943718930932828,0.015781421453037747,1
132,0.013148309089324604,0.005870190331570945,0.0036389934872050845,0.008246393004653855,0.011829625385366187,0.004926322667460588,0.02298327182163801,0.012380060159022814,0.0043391951680439534,0.0056491409594844584,0.028970696814030913,0.023597775849924927,0.017702868298174166,0.021265875979343058,0.011554085653707092,0.002905659440058313,0.0021296641975907813,0.017947501512982245,0.02253503513846828,0.013627085611450452,1
133,0.02762356896675882,0.00641174009666643,0.011600933478234453,0.007150580788278948,0.007583791914434431,0.009352475252205963,0.014458958079638937,0.006937584584469154,0.004764350089370115,0.014034567748353526,0.0032831273335527204,0.014427269600822223,0.012918385322656078,0.012433911447771576,0.012851764958354515,0.01947216010045408,0.021787871118941125,0.009687572983559713,0.0175640716239544,0.030375977859715953,1
134,0.012090363365610644,0.010969175833712394,0.012995984329786993,0.01661987131698886,0.007543088123209219,0.01034066204779346,0.005049847939171635,0.010535339831068575,0.011326988527556694,0.018981643542077202,0.024537604014320553,0.013865416979701693,0.01926197448429937,0.024711637630551724,0.002870127277473944,0.01101460308569492,0.003973226039341334,0.0011274953390591066,0.010080703928645062,0.021647695039022054,1
135,0.010107105912539951,0.01111978820176446,0.009020642737643475,0.004384046002336204,0.001756359338745925,0.0055513706421477585,0.005851437650569303,0.01858567511390695,0.013488077924437574,0.023057851358671742,0.01258745179380243,0.0057463348583945235,0.028639929798464938,0.01796610909401713,0.025018496773056228,0.00809718751252557,0.008875994389841622,0.025875921353389522,0.010483686343281211,0.007175012436106017,1
136,0.007080362269824813,0.004433623582141041,0.013748907132059987,0.009588418511314836,0.005719586105156387,0.0030675390676478754,0.007217082261198081,0.008937790567368481,0.0096519626603969,0.005570998545041813,0.013215236841172125,0.0017671562393587305,0.018425741789065208,0.014766863711405108,0.011720324941911059,0.011319042786387797,0.008770123754777414,0.00907183368833615,0.006331522036204012,0.0040081120578098805,0
137,0.015191440702198066,0.021857805287640388,0.005454310718558395,0.017378190885956917,0.011778877755712605,0.0020906892913917755,0.01363373172670644,0.011972165262750096,0.02514772058788828,0.006850956501987515,0.009091664601951668,0.011684196697128177,0.001593073979712179,0.011751691472575342,0.013947116412824692,0.005561987088836506,0.012831726218256411,0.007941996672399455,0.004501319328198789,0.006890358929543221,0
138,0.018221224030935162,0.026189921111382464,0.007903319874724545,0.008628705123778713,0.014097485860405181,0.00939139649886533,0.007278437309279107,0.01814420146339651,0.011545519531113534,0.011690885598344884,0.009752335276392111,0.004454542136234654,0.017629142112279603,0.018986782642420534,0.017999328280563047,0.027758703852026324,0.022400621224661292,0.010939701797128658,0.019811070504509063,0.008864828362032623,0
139,0.022370284633945064,0.008368409876738807,0.006852031246525665,0.009383787109282477,0.012468001480471677,0.008087770531489132,0.02482886142291444,0.03277073670457526,0.02105946939777012,0.021740734795965385,0.010481128074270632,0.02537179669857222,0.012847550494082871,0.01645444333495257,0.009386567053868684,0.02622645758700156,0.012252070952176496,0.016289982753283257,0.005783281440038243,0.006547834232676466,0
140,0.012104951173379593,0.016841462827602745,0.016215997938925496,0.00890163352944239,0.00829417547967777,0.010172990396422972,0.014124250886748861,0.004516437183852888,0.005001686884677608,0.006540415648772562,0.016865763667274897,0.01109377600007414,0.016906801892119336,0.021148268372075882,0.021103650887541237,0.009948381002082752,0.019855902549690885,0.03753813513529514,0.029175462449498517,0.01922092628781709,0
141,0.0058038187505004835,0.008861798837352379,0.008174258418448611,0.004182414618893015,0.012680495261354424,0.016475608502870324,0.011373576517758738,0.008993309574880487,0.00925110479314941,0.019481911470527344,0.019880993368737943,0.014293962030208768,0.012628983853509832,0.004430666461872948,0.015333751355365443,0.0166013066660075,0.020123184437640728,0.01811550991834279,0.04951420427771126,0.029964293849123826,0
